metname,inchikey,Canonical_SMILES
3dhq,WVMWZWGZRAXUBK-SYTVJDICSA-M,C1C(C(C(=O)CC1(C(=O)[O-])O)O)O
enter,SERBHKJMVBATSJ-BZSNNMDCSA-M,C1C(C(=O)OCC(C(=O)OCC(C(=O)O1)NC(=O)C2=C(C(=CC=C2)O)O)NC(=O)C3=C(C(=CC=C3)O)[O-])NC(=O)C4=C(C(=CC=C4)O)O
pydam,NHZMQXZHNVQTQA-UHFFFAOYSA-O,CC1=NC=C(C(=C1O)C[NH3+])CO
murein3p3p,QKZNHGKXDALVQW-UHFFFAOYSA-I,noinchikey_inpubchem
glu5sa,KABXUUFDPUOJMW-BYPYZUCNSA-N,C(CC(C(=O)O)N)C=O
lgt__S,VDYDCVUWILIYQF-CSMHCCOUSA-M,CC(C(=O)SCC(C(=O)NCC(=O)[O-])NC(=O)CCC(C(=O)[O-])[NH3+])O
sheme,DLKSSIHHLYNIKN-QIISWYHFSA-D,CC1(C(C2=CC3=NC(=CC4=C(C(=C([N-]4)C=C5C(=C(C(=N5)C=C1[N-]2)CC(=O)[O-])CCC(=O)[O-])CCC(=O)[O-])CC(=O)[O-])C(C3(C)CC(=O)[O-])CCC(=O)[O-])CCC(=O)[O-])CC(=O)[O-].[Fe+2]
5mthf,ZNOVTXRBGFNYRX-STQMWFEESA-L,CN1C(CNC2=C1C(=O)N=C(N2)N)CNC3=CC=C(C=C3)C(=O)NC(CCC(=O)[O-])C(=O)[O-]
pa141,NA,noinchikey_inpubchem
sufse,NA,noinchikey_inpubchem
adp,XTWYTFMLZFPYCI-KQYNXXCUSA-K,C1=NC(=C2C(=N1)N(C=N2)C3C(C(C(O3)COP(=O)([O-])OP(=O)([O-])[O-])O)O)N
btcoa,CRFNGMNYKDXRTN-CITAKDKDSA-J,CCCC(=O)SCCNC(=O)CCNC(=O)C(C(C)(C)COP(=O)([O-])OP(=O)([O-])OCC1C(C(C(O1)N2C=NC3=C(N=CN=C32)N)O)OP(=O)([O-])[O-])O
pa140,OZSITQMWYBNPMW-GDLZYMKVSA-L,CCCCCCCCCCCCCC(=O)OCC(COP(=O)([O-])[O-])OC(=O)CCCCCCCCCCCCC
arbt,BJRNKVDFDLYUGJ-RMPHRYRLSA-N,C1=CC(=CC=C1O)OC2C(C(C(C(O2)CO)O)O)O
cdpdodecg,PDCWLWQTNQCGRI-IGIWICMZSA-L,CCCCCCCCCCCCCCCCCC(=O)OCC(COP(=O)([O-])OP(=O)([O-])OCC1C(C(C(O1)N2C=CC(=NC2=O)N)O)O)OC(=O)CCCCCCCCCCCCCCCCC
3hcmrs7eACP,NA,noinchikey_inpubchem
3omrsACP,NA,noinchikey_inpubchem
3dhsk,SLWWJZMPHJJOPH-PHDIDXHHSA-M,C1C(C(C(=O)C=C1C(=O)[O-])O)O
dmlgnc,NA,noinchikey_inpubchem
1pyr5c,DWAKNKKXGALPNW-UHFFFAOYSA-M,C1CC(N=C1)C(=O)[O-]
pa180,YFWHNAWEOZTIPI-DIPNUNPCSA-L,CCCCCCCCCCCCCCCCCC(=O)OCC(COP(=O)([O-])[O-])OC(=O)CCCCCCCCCCCCCCCCC
ocdcea,ZQPPMHVWECSIRJ-KTKRTIGZSA-M,CCCCCCCCC=CCCCCCCCC(=O)[O-]
ddcaACP,NA,noinchikey_inpubchem
oxa,MUBZPKHOEPUJKR-UHFFFAOYSA-L,C(=O)(C(=O)[O-])[O-]
dtdpglu,YSYKRGRSMLTJNL-URARBOGNSA-L,CC1=CN(C(=O)NC1=O)C2CC(C(O2)COP(=O)([O-])OP(=O)([O-])OC3C(C(C(C(O3)CO)O)O)O)O
r5p,KTVPXOYAKDPRHY-AIHAYLRMSA-L,C(C1C(C(C(O1)O)O)O)OP(=O)([O-])[O-]
arachcoa,NA,noinchikey_inpubchem
cdp,ZWIADYZPOWUWEW-XVFCMESISA-K,C1=CN(C(=O)N=C1N)C2C(C(C(O2)COP(=O)([O-])OP(=O)([O-])[O-])O)O
aacoa,OJFDKHTZOUZBOS-CITAKDKDSA-J,CC(=O)CC(=O)SCCNC(=O)CCNC(=O)C(C(C)(C)COP(=O)([O-])OP(=O)([O-])OCC1C(C(C(O1)N2C=NC3=C(N=CN=C32)N)O)OP(=O)([O-])[O-])O
udpg,HSCJRCZFDFQWRP-RDKQLNKOSA-L,C1=CN(C(=O)NC1=O)C2C(C(C(O2)COP(=O)([O-])OP(=O)([O-])OC3C(C(C(C(O3)CO)O)O)O)O)O
glyc2p,DHCLVCXQIBBOPH-UHFFFAOYSA-L,C(C(CO)OP(=O)([O-])[O-])O
r1p,YXJDFQJKERBOBM-TXICZTDVSA-L,C(C1C(C(C(O1)OP(=O)([O-])[O-])O)O)O
4hba,BVJSUAQZOZWCKN-UHFFFAOYSA-N,C1=CC(=CC=C1CO)O
dacsC,NA,noinchikey_inpubchem
3haACP,NA,noinchikey_inpubchem
cdpdtdec7eg,VDJIEKQUDMPHPA-WNAWUNHNSA-L,noinchikey_inpubchem
amet,MEFKEPWMEQBLKI-AIRLBKTGSA-O,C[S+](CCC(C(=O)O)N)CC1C(C(C(O1)N2C=NC3=C(N=CN=C32)N)O)O
taur,XOAAWQZATWQOTB-UHFFFAOYSA-N,C(CS(=O)(=O)O)N
dd2coa,IRFYVBULXZMEDE-DEEZISNZSA-J,CCCCCCCCCC=CC(=O)SCCNC(=O)CCNC(=O)C(C(C)(C)COP(=O)([O-])OP(=O)([O-])OCC1C(C(C(O1)N2C=NC3=C(N=CN=C32)N)O)OP(=O)([O-])[O-])O
histd,ZQISRDCJNBUVMM-YFKPBYRVSA-O,C1=C(NC=N1)CC(CO)[NH3+]
phthdl,NA,noinchikey_inpubchem
udpLa4fn,QGYFHZBDXXNYAX-RTXATJJPSA-L,C1C(C(C(C(O1)OP(=O)([O-])OP(=O)([O-])OCC2C(C(C(O2)N3C=CC(=O)NC3=O)O)O)O)O)NC=O
aps,IRLPACMLTUPBCL-KQYNXXCUSA-L,C1=NC(=C2C(=N1)N(C=N2)C3C(C(C(O3)COP(=O)([O-])OS(=O)(=O)[O-])O)O)N
s,NINIDFKCEFEMDL-UHFFFAOYSA-N,S
u23gn,NA,noinchikey_inpubchem
mg2,JLVVSXFLKOJNIY-UHFFFAOYSA-N,[Mg+2]
hkndd,RFENOVFRMPRRJI-AFCKVHGPSA-L,C(CC(=O)[O-])C(=O)C=CC=C(C(=O)[O-])O
6apa,NGHVIOIJCVXTGV-ALEPSDHESA-N,CC1(C(N2C(S1)C(C2=O)N)C(=O)O)C
3mb,GWYFCOCPABKNJV-UHFFFAOYSA-M,CC(C)CC(=O)[O-]
myrsACP,NA,noinchikey_inpubchem
progly,RNKSNIBMTUYWSH-YFKPBYRVSA-N,C1CC(NC1)C(=O)NCC(=O)O
butACP,NA,noinchikey_inpubchem
fmnh2,YTNIXZGTHTVJBW-SCRDCRAPSA-L,CC1=CC2=C(C=C1C)N(C3=C(N2)C(=O)NC(=O)N3)CC(C(C(COP(=O)([O-])[O-])O)O)O
u3hgn,NA,noinchikey_inpubchem
ser__D,MTCFGRXMJLQNBG-UWTATZPHSA-N,C(C(C(=O)O)N)O
prbatp,RKNHJBVBFHDXGR-KEOHHSTQSA-H,C1=NC2=C(N1C3C(C(C(O3)COP(=O)([O-])OP(=O)([O-])OP(=O)([O-])[O-])O)O)N=CN(C2=N)C4C(C(C(O4)COP(=O)([O-])[O-])O)O
vanln,MWOOGOJBHIARFG-UHFFFAOYSA-N,COC1=C(C=CC(=C1)C=O)O
prephthACP,NA,noinchikey_inpubchem
fald,WSFSSNUMVMOOMR-UHFFFAOYSA-N,C=O
ivcoa,UYVZIWWBJMYRCD-ZMHDXICWSA-J,CC(C)CC(=O)SCCNC(=O)CCNC(=O)C(C(C)(C)COP(=O)([O-])OP(=O)([O-])OCC1C(C(C(O1)N2C=NC3=C(N=CN=C32)N)O)OP(=O)([O-])[O-])O
dnad,SENPVEZBRZQVST-HISDBWNOSA-L,C1=CC(=C[N+](=C1)C2C(C(C(O2)COP(=O)([O-])OP(=O)([O-])OCC3C(C(C(O3)N4C=NC5=C(N=CN=C54)N)O)O)O)O)C(=O)[O-]
phthr,FKHAKIJOKDGEII-GBXIJSLDSA-L,C(C(C(C(=O)[O-])[NH3+])O)OP(=O)([O-])[O-]
akg,KPGXRSRHYNQIFN-UHFFFAOYSA-L,C(CC(=O)[O-])C(=O)C(=O)[O-]
ttdcap,NA,noinchikey_inpubchem
ahcys,ZJUKTBDSGOFHSH-WFMPWKQPSA-N,C1=NC(=C2C(=N1)N(C=N2)C3C(C(C(O3)CSCCC(C(=O)O)N)O)O)N
cys__L,XUJNEKJLAYXESH-REOHCLBHSA-N,C(C(C(=O)O)N)S
val__L,KZSNJWFQEVHDMF-BYPYZUCNSA-N,CC(C)C(C(=O)O)N
udcdpgal,NA,noinchikey_inpubchem
alac__S,NMDWGEGFJUBKLB-YFKPBYRVSA-M,CC(=O)C(C)(C(=O)[O-])O
s7p,JDTUMPKOJBQPKX-GBNDHIKLSA-L,C(C(C(C(C(C(=O)CO)O)O)O)O)OP(=O)([O-])[O-]
octdp,IKKLDISSULFFQO-DJMILUHSSA-K,CC(=CCCC(=CCCC(=CCCC(=CCCC(=CCCC(=CCCC(=CCCC(=CCOP(=O)([O-])OP(=O)([O-])[O-])C)C)C)C)C)C)C)C
3hocoa,ATVGTMKWKDUCMS-OTOYJEMWSA-J,CCCCCC(CC(=O)SCCNC(=O)CCNC(=O)C(C(C)(C)COP(=O)([O-])OP(=O)([O-])OCC1C(C(C(O1)N2C=NC3=C(N=CN=C32)N)O)OP(=O)([O-])[O-])O)O
p_tol,LPNBBFKOUUSUDB-UHFFFAOYSA-M,CC1=CC=C(C=C1)C(=O)[O-]
acser,VZXPDPZARILFQX-BYPYZUCNSA-N,CC(=O)OCC(C(=O)O)N
2agpg141,NA,noinchikey_inpubchem
pg161,GHQNERCMPIDAAU-ANXSUKRNSA-M,noinchikey_inpubchem
dpcoa,KDTSHFARGAKYJN-IBOSZNHHSA-L,CC(C)(COP(=O)([O-])OP(=O)([O-])OCC1C(C(C(O1)N2C=NC3=C(N=CN=C32)N)O)O)C(C(=O)NCCC(=O)NCCS)O
fdxr_42,NA,noinchikey_inpubchem
fum,VZCYOOQTPOCHFL-OWOJBTEDSA-L,C(=CC(=O)[O-])C(=O)[O-]
2ohed,HYVSZVZMTYIHKF-IWQZZHSRSA-L,C(CC(=O)[O-])C=CC(=O)C(=O)[O-]
tamocta,NA,noinchikey_inpubchem
3hdcoa,HIVSMYZAMUNFKZ-PNPVFPMQSA-J,CCCCCCCC(CC(=O)SCCNC(=O)CCNC(=O)C(C(C)(C)COP(=O)([O-])OP(=O)([O-])OCC1C(C(C(O1)N2C=NC3=C(N=CN=C32)N)O)OP(=O)([O-])[O-])O)O
3hoctACP,NA,noinchikey_inpubchem
galctn__D,RGHNJXZEOKUKBD-MGCNEYSASA-M,C(C(C(C(C(C(=O)[O-])O)O)O)O)O
dgtp,HAAZLUGHYHWQIW-KVQBGUIXSA-J,C1C(C(OC1N2C=NC3=C2NC(=NC3=O)N)COP(=O)([O-])OP(=O)([O-])OP(=O)([O-])[O-])O
but2eACP,NA,noinchikey_inpubchem
cdpglc,NA,noinchikey_inpubchem
ps160,KLFKZIQAIPDJCW-GPOMZPHUSA-M,CCCCCCCCCCCCCCCC(=O)OCC(COP(=O)([O-])OCC(C(=O)[O-])[NH3+])OC(=O)CCCCCCCCCCCCCCC
uacgnn,NA,noinchikey_inpubchem
ocdca,QIQXTHQIDYTFRH-UHFFFAOYSA-M,CCCCCCCCCCCCCCCCCC(=O)[O-]
ile__L,AGPKZVBTJJNPAG-WHFBIAKZSA-N,CCC(C)C(C(=O)O)N
nadp,XJLXINKUBYWONI-NNYOXOHSSA-K,C1=CC(=C[N+](=C1)C2C(C(C(O2)COP(=O)([O-])OP(=O)([O-])OCC3C(C(C(O3)N4C=NC5=C(N=CN=C54)N)OP(=O)([O-])[O-])O)O)O)C(=O)N
dcamp,OFBHPPMPBOJXRT-DPXQIYNJSA-J,C1=NC(=C2C(=N1)N(C=N2)C3C(C(C(O3)COP(=O)([O-])[O-])O)O)NC(CC(=O)[O-])C(=O)[O-]
idp,JPXZQMKKFWMMGK-KQYNXXCUSA-K,C1=NC(=O)C2=C(N1)N(C=N2)C3C(C(C(O3)COP(=O)([O-])OP(=O)([O-])[O-])O)O
2hxmp,CQRYARSYNCAZFO-UHFFFAOYSA-N,C1=CC=C(C(=C1)CO)O
hisp,CWNDERHTHMWBSI-YFKPBYRVSA-M,C1=C(NC=N1)CC(COP(=O)([O-])[O-])[NH3+]
t3c9palmeACP,NA,noinchikey_inpubchem
pdx5p,WHOMFKWHIQZTHY-UHFFFAOYSA-L,CC1=NC=C(C(=C1O)CO)COP(=O)([O-])[O-]
kdo,NNLZBVFSCVTSLA-HXUQBWEZSA-M,C1C(C(C(OC1(C(=O)[O-])O)C(CO)O)O)O
t3c5ddeceACP,NA,noinchikey_inpubchem
cddec5eACP,NA,noinchikey_inpubchem
LalaDglu,VYZAGTDAHUIRQA-CRCLSJGQSA-M,CC(C(=O)NC(CCC(=O)O)C(=O)[O-])N
dha,RXKJFZQQPQGTFL-UHFFFAOYSA-N,C(C(=O)CO)O
pg181,NA,noinchikey_inpubchem
dmpp,CBIDRCWHNCKSTO-UHFFFAOYSA-K,CC(=CCOP(=O)([O-])OP(=O)([O-])[O-])C
ru5p__L,FNZLKVNUWIIPSJ-CRCLSJGQSA-L,C(C(C(C(=O)CO)O)O)OP(=O)([O-])[O-]
ipenciln,NA,noinchikey_inpubchem
q8h2,LOJUQFSPYHMHEO-SGHXUWJISA-N,CC1=C(C(=C(C(=C1O)OC)OC)O)CC=C(C)CCC=C(C)CCC=C(C)CCC=C(C)CCC=C(C)CCC=C(C)CCC=C(C)CCC=C(C)C
glyc3p,AWUCVROLDVIAJX-GSVOUGTGSA-L,C(C(COP(=O)([O-])[O-])O)O
mucl,HPEKPJGPWNSAAV-UHFFFAOYSA-M,C1=CC(=O)OC1CC(=O)[O-]
5cmhm,HJIBROWPWNLWHX-IKENXXAYSA-K,C(C(=CC=C(C(=O)O)[O-])C(=O)[O-])C(=O)[O-]
mqn7,RAKQPZMEYJZGPI-LJWNYQGCSA-N,CC1=C(C(=O)C2=CC=CC=C2C1=O)CC=C(C)CCC=C(C)CCC=C(C)CCC=C(C)CCC=C(C)CCC=C(C)CCC=C(C)C
prbamp,RTQMRTSPTLIIHM-KEOHHSTQSA-J,C1=NC2=C(N1C3C(C(C(O3)COP(=O)([O-])[O-])O)O)N=CN(C2=N)C4C(C(C(O4)COP(=O)([O-])[O-])O)O
prfp,QOUSHGMTBIIAHR-KEOHHSTQSA-J,C1=NC(=C(N1C2C(C(C(O2)COP(=O)([O-])[O-])O)O)NC=NC3C(C(C(O3)COP(=O)([O-])[O-])O)O)C(=O)N
1tdec7eg3p,NA,noinchikey_inpubchem
13dpg,LJQLQCAXBUHEAZ-UWTATZPHSA-J,C(C(C(=O)OP(=O)([O-])[O-])O)OP(=O)([O-])[O-]
3ophb,UTIBHEBNILDQKX-LQOKPSQISA-M,CC(=CCCC(=CCCC(=CCCC(=CCCC(=CCCC(=CCCC(=CCCC(=CCC1=C(C=CC(=C1)C(=O)[O-])O)C)C)C)C)C)C)C)C
ctp,PCDQPRRSZKQHHS-XVFCMESISA-J,C1=CN(C(=O)N=C1N)C2C(C(C(O2)COP(=O)([O-])OP(=O)([O-])OP(=O)([O-])[O-])O)O
cgly,ZUKPVRWZDMRIEO-VKHMYHEASA-N,C(C(C(=O)NCC(=O)O)N)S
n2,IJGRMHOSHXDMSA-UHFFFAOYSA-N,N#N
3hbcoa,QHHKKMYHDBRONY-VKBDFPRVSA-J,CC(CC(=O)SCCNC(=O)CCNC(=O)C(C(C)(C)COP(=O)([O-])OP(=O)([O-])OCC1C(C(C(O1)N2C=NC3=C(N=CN=C32)N)O)OP(=O)([O-])[O-])O)O
decdp_tb,NA,noinchikey_inpubchem
2dmmq8,GDUBPWSFXUAETN-AENDIINCSA-N,CC(=CCCC(=CCCC(=CCCC(=CCCC(=CCCC(=CCCC(=CCCC(=CCC1=CC(=O)C2=CC=CC=C2C1=O)C)C)C)C)C)C)C)C
adphep_LD,KMSFWBYFWSKGGR-DTBZDYEHSA-L,C1=NC(=C2C(=N1)N(C=N2)C3C(C(C(O3)COP(=O)([O-])OP(=O)([O-])OC4C(C(C(C(O4)C(CO)O)O)O)O)O)O)N
bmn,VWKNUUOGGLNRNZ-UHFFFAOYSA-N,CC1=C(N2C(=C(C(=O)N2C1=O)C)C)C
3c3hmp,BITYXLXUCSKTJS-ZETCQYMHSA-L,CC(C)C(CC(=O)[O-])(C(=O)[O-])O
uama,NTMMCWJNQNKACG-KBKUWGQMSA-K,CC(C(=O)[O-])NC(=O)C(C)OC1C(C(OC(C1O)CO)OP(=O)([O-])OP(=O)([O-])OCC2C(C(C(O2)N3C=CC(=O)NC3=O)O)O)NC(=O)C
hx2coa,OINXHIBNZUUIMR-IXUYQXAASA-J,CCCC=CC(=O)SCCNC(=O)CCNC(=O)C(C(C)(C)COP(=O)([O-])OP(=O)([O-])OCC1C(C(C(O1)N2C=NC3=C(N=CN=C32)N)O)OP(=O)([O-])[O-])O
2obut,TYEYBOSBBBHJIV-UHFFFAOYSA-M,CCC(=O)C(=O)[O-]
actp,LIPOUNRJVLNBCD-UHFFFAOYSA-L,CC(=O)OP(=O)([O-])[O-]
od2coa,NBCCUIHOHUKBMK-ZDDAFBBHSA-J,CCCCCCCCCCCCCCCC=CC(=O)SCCNC(=O)CCNC(=O)C(C(C)(C)COP(=O)([O-])OP(=O)([O-])OCC1C(C(C(O1)N2C=NC3=C(N=CN=C32)N)O)OP(=O)([O-])[O-])O
cl,VEXZGXHMUGYJMC-UHFFFAOYSA-M,[Cl-]
26dap_LL,GMKMEZVLHJARHF-WHFBIAKZSA-N,C(CC(C(=O)O)N)CC(C(=O)O)N
man1p,HXXFSFRBOHSIMQ-RWOPYEJCSA-L,C(C1C(C(C(C(O1)OP(=O)([O-])[O-])O)O)O)O
6pgg,NA,noinchikey_inpubchem
aicar,NOTGFIUVDGNKRI-UUOKFMHZSA-L,C1=NC(=C(N1C2C(C(C(O2)COP(=O)([O-])[O-])O)O)N)C(=O)N
gua,UYTPUPDQBNUYGX-UHFFFAOYSA-N,C1=NC2=C(N1)C(=O)N=C(N2)N
murein4p3p,AKLORNSFZCNZDU-UHFFFAOYSA-H,noinchikey_inpubchem
salcn6p,FSJKOMDYZYBBLV-UJPOAAIJSA-L,C1=CC=C(C(=C1)CO)OC2C(C(C(C(O2)COP(=O)([O-])[O-])O)O)O
3oddcoa,HQANBZHVWIDNQZ-GMHMEAMDSA-J,CCCCCCCCCC(=O)CC(=O)SCCN=C(CCN=C(C(C(C)(C)COP(=O)(O)OP(=O)(O)OCC1C(C(C(O1)N2C=NC3=C(N=CN=C32)N)O)OP(=O)([O-])[O-])O)[O-])[O-]
dtbt,AUTOLBMXDDTRRT-UHFFFAOYSA-M,CC1C(NC(=O)N1)CCCCCC(=O)[O-]
gtspmd,NEDQLXHBVHSKNV-STQMWFEESA-P,C(CC[NH2+]CCCNC(=O)CNC(=O)C(CS)NC(=O)CCC(C(=O)[O-])[NH3+])C[NH3+]
1odecg3p,LAYXSTYJRSVXIH-HXUWFJFHSA-L,CCCCCCCCCCCCCCCCCC(=O)OCC(COP(=O)([O-])[O-])O
gal_bD,WQZGKKKJIJFFOK-FPRJBGLDSA-N,C(C1C(C(C(C(O1)O)O)O)O)O
msh,NA,noinchikey_inpubchem
nicrnt,JOUIQRNQJGXQDC-ZYUZMQFOSA-L,C1=CC(=C[N+](=C1)C2C(C(C(O2)COP(=O)([O-])[O-])O)O)C(=O)[O-]
3otdcoa,IQNFBGHLIVBNOU-QSGBVPJFSA-J,CCCCCCCCCCCC(=O)CC(=O)SCCNC(=O)CCNC(=O)C(C(C)(C)COP(=O)([O-])OP(=O)([O-])OCC1C(C(C(O1)N2C=NC3=C(N=CN=C32)N)O)OP(=O)([O-])[O-])O
prpp,PQGCEDQWHSBAJP-TXICZTDVSA-I,C(C1C(C(C(O1)OP(=O)([O-])OP(=O)([O-])[O-])O)O)OP(=O)([O-])[O-]
gal,WQZGKKKJIJFFOK-PHYPRBDBSA-N,C(C1C(C(C(C(O1)O)O)O)O)O
murein5p4p,YJNGRCZHKAYCMA-VZNOAHCOSA-E,noinchikey_inpubchem
4hthr,JBNUARFQOCGDRK-GBXIJSLDSA-N,C(C(C(C(=O)O)N)O)O
g6p,NBSCHQHZLSJFNQ-GASJEMHNSA-L,C(C1C(C(C(C(O1)O)O)O)O)OP(=O)([O-])[O-]
1agpg180,HFJVKBVEKQHVTO-XZOQPEGZSA-M,CCCCCCCCCCCCCCCCCC(=O)OCC(COP(=O)([O-])OCC(CO)O)O
pphn,FPWMCUPFBRFMLH-XGAOUMNUSA-L,noinchikey_inpubchem
mal__L,BJEPYKJPYRNKOW-REOHCLBHSA-L,C(C(C(=O)[O-])O)C(=O)[O-]
mlthf,QYNUQALWYRSVHF-OLZOCXBDSA-L,C1C2CN(CN2C3=C(N1)NC(=NC3=O)N)C4=CC=C(C=C4)C(=O)NC(CCC(=O)[O-])C(=O)[O-]
thmpp,AYEKOFBPNLCAJY-UHFFFAOYSA-L,CC1=C(SC=[N+]1CC2=CN=C(N=C2N)C)CCOP(=O)([O-])OP(=O)([O-])[O-]
4mpetz,OCYMERZCMYJQQO-UHFFFAOYSA-L,CC1=C(SC=N1)CCOP(=O)([O-])[O-]
uppg3,HUHWZXWWOFSFKF-UHFFFAOYSA-F,C1C2=C(C(=C(N2)CC3=C(C(=C(N3)CC4=C(C(=C(N4)CC5=C(C(=C1N5)CCC(=O)[O-])CC(=O)[O-])CC(=O)[O-])CCC(=O)[O-])CC(=O)[O-])CCC(=O)[O-])CC(=O)[O-])CCC(=O)[O-]
Lcyst,XVOYSCVBGLVSOL-REOHCLBHSA-M,C(C(C(=O)[O-])[NH3+])S(=O)(=O)[O-]
adocbl,ZIHHMGTYZOSFRC-QRVZQHAISA-N,noinchikey_inpubchem
hmgcoa,CABVTRNMFUVUDM-SJBCKIPMSA-I,CC(C)(COP(=O)([O-])OP(=O)([O-])OCC1C(C(C(O1)N2C=NC3=C(N=CN=C32)N)O)OP(=O)([O-])[O-])C(C(=O)NCCC(=O)NCCSC(=O)CC(C)(CC(=O)[O-])O)O
alaclav,NA,noinchikey_inpubchem
co2,CURLTUGMZLYLDI-UHFFFAOYSA-N,C(=O)=O
cd2,WLZRMCYVCSSEQC-UHFFFAOYSA-N,[Cd+2]
cdpdtdecg,ICFWXMWHAMIZGF-WNAWUNHNSA-L,CCCCCCCCCCCCCC(=O)OCC(COP(=O)([O-])OP(=O)([O-])OCC1C(C(C(O1)N2C=CC(=NC2=O)N)O)O)OC(=O)CCCCCCCCCCCCC
5dh4dglc,QUURPCHWPQNNGL-ZAFYKAAXSA-L,C(C(C(C(=O)[O-])O)O)C(=O)C(=O)[O-]
pq,NA,noinchikey_inpubchem
murein5px3p,NA,noinchikey_inpubchem
caarg,NA,noinchikey_inpubchem
ghb,SJZRECIVHVDYJC-UHFFFAOYSA-M,C(CC(=O)[O-])CO
fa11coa,NA,noinchikey_inpubchem
murein4px4p4p,NPJMJVATSCHTAI-UHFFFAOYSA-F,noinchikey_inpubchem
3hoxpac,FVMDYYGIDFPZAX-UHFFFAOYSA-M,C1=CC(=CC(=C1)O)CC(=O)[O-]
ps180,TZCPCKNHXULUIY-RGULYWFUSA-M,CCCCCCCCCCCCCCCCCC(=O)OCC(COP(=O)([O-])OCC(C(=O)[O-])[NH3+])OC(=O)CCCCCCCCCCCCCCCCC
atp,ZKHQWZAMYRWXGA-KQYNXXCUSA-J,C1=NC(=C2C(=N1)N(C=N2)C3C(C(C(O3)COP(=O)([O-])OP(=O)([O-])OP(=O)([O-])[O-])O)O)N
glutrna,NA,noinchikey_inpubchem
3ocddec5eACP,NA,noinchikey_inpubchem
hxan,FDGQSTZJBFJUBT-UHFFFAOYSA-N,C1=NC2=C(N1)C(=O)N=CN2
murein3px3p,IYFHCENFVZTZLO-UHFFFAOYSA-G,noinchikey_inpubchem
moadcoo,NA,noinchikey_inpubchem
2ohph,YGTMSXVYLRCOLD-MGDAWYEDSA-N,noinchikey_inpubchem
mnl1p,GACTWZZMVMUKNG-KVTDHHQDSA-L,C(C(C(C(C(COP(=O)([O-])[O-])O)O)O)O)O
4mbzald,FXLOVSHXALFLKQ-UHFFFAOYSA-N,CC1=CC=C(C=C1)C=O
feenter,NGILTSZTOFYVBF-UVJOBNTFSA-H,C1C(C(=O)OCC(C(=O)OCC(C(=O)O1)NC(=O)C2=C(C(=CC=C2)[O-])[O-])NC(=O)C3=C(C(=CC=C3)[O-])[O-])NC(=O)C4=C(C(=CC=C4)[O-])[O-].[Fe+3]
peptido_BS,NA,noinchikey_inpubchem
uamag,OJZCATPXPWFLHF-HPUCEMLMSA-J,CC(C(=O)NC(CCC(=O)[O-])C(=O)[O-])NC(=O)C(C)OC1C(C(OC(C1O)CO)OP(=O)([O-])OP(=O)([O-])OCC2C(C(C(O2)N3C=CC(=O)NC3=O)O)O)NC(=O)C
2oxpaccoa,ZQZCWPBSHHYCMM-BETJHJQZSA-J,CC(C)(COP(=O)([O-])OP(=O)([O-])OCC1C(C(C(O1)N2C=NC3=C(N=CN=C32)N)O)OP(=O)([O-])[O-])C(C(=O)NCCC(=O)NCCSC(=O)C=C4CC=CC=CO4)O
uLa4n,NA,noinchikey_inpubchem
catechol,YCIMNLLNPGFGHC-UHFFFAOYSA-N,C1=CC=C(C(=C1)O)O
carbox,NA,noinchikey_inpubchem
5cmhmsa,NLXIEJRQAIHYPN-IOBHVTPZSA-L,noinchikey_inpubchem
glyclt,AEMRFAOFKBGASW-UHFFFAOYSA-M,C(C(=O)[O-])O
tdec2eACP,NA,noinchikey_inpubchem
pydx,RADKZDMFGJYCBB-UHFFFAOYSA-N,CC1=NC=C(C(=C1O)C=O)CO
5mdr1p,JTFITTQBRJDSTL-KVTDHHQDSA-L,CSCC1C(C(C(O1)OP(=O)([O-])[O-])O)O
dadp,DAEAPNUQQAICNR-RRKCRQDMSA-K,C1C(C(OC1N2C=NC3=C(N=CN=C32)N)COP(=O)([O-])OP(=O)([O-])[O-])O
cdpdhdecg,NA,noinchikey_inpubchem
dhxfut,XWPBBHHZDYSYMS-ZXRVKKJVSA-M,C1=CC(=CC(=C1)C(=O)[O-])C(=O)CCC2C(C(C(O2)O)O)O
ddca,NA,noinchikey_inpubchem
cephc,NA,noinchikey_inpubchem
dhlam,VLYUGYAKYZETRF-SSDOTTSWSA-N,C(CCC(=O)N)CC(CCS)S
nmn,DAYLJWODMCOQEW-TURQNECASA-M,C1=CC(=C[N+](=C1)C2C(C(C(O2)COP(=O)([O-])[O-])O)O)C(=O)N
seramp,UVSYURUCZPPUQD-MACXSXHHSA-M,C1=NC(=C2C(=N1)N(C=N2)C3C(C(C(O3)COP(=O)([O-])OC(=O)C(CO)N)O)O)N
o2,MYMOFIZGZYHOMD-UHFFFAOYSA-N,O=O
gm2lipa,NA,noinchikey_inpubchem
ppa,NA,noinchikey_inpubchem
icit,ODBLHEXUDAPZAU-UHFFFAOYSA-K,C(C(C(C(=O)[O-])O)C(=O)[O-])C(=O)[O-]
2mbcoa,LYNVNYDEQMMNMZ-XGXNYEOVSA-J,CCC(C)C(=O)SCCNC(=O)CCNC(=O)C(C(C)(C)COP(=O)([O-])OP(=O)([O-])OCC1C(C(C(O1)N2C=NC3=C(N=CN=C32)N)O)OP(=O)([O-])[O-])O
hmbil,WDFJYRZCZIUBPR-UHFFFAOYSA-F,C1=C(C(=C(N1)CC2=C(C(=C(N2)CC3=C(C(=C(N3)CC4=C(C(=C(N4)CO)CC(=O)[O-])CCC(=O)[O-])CC(=O)[O-])CCC(=O)[O-])CC(=O)[O-])CCC(=O)[O-])CC(=O)[O-])CCC(=O)[O-]
flxr,NA,noinchikey_inpubchem
fmn,ANKZYBDXHMZBDK-SCRDCRAPSA-K,noinchikey_inpubchem
methf,MEANFMOQMXYMCT-OLZOCXBDSA-M,C1C2CN(C=[N+]2C3=C(N1)NC(=NC3=O)N)C4=CC=C(C=C4)C(=O)NC(CCC(=O)[O-])C(=O)[O-]
u3agn,NA,noinchikey_inpubchem
fclav,NA,noinchikey_inpubchem
fa12coa,NA,noinchikey_inpubchem
1ag3p_BS,NA,noinchikey_inpubchem
cpmp,CZAKJJUNKNPTTO-AJFJRRQVSA-N,C1C2C(C(C3C(O2)NC4=C(N3)C(=O)N=C(N4)N)(O)O)OP(=O)(O1)O
fa1,NA,noinchikey_inpubchem
aso3,AQLMHYSWFMLWBS-UHFFFAOYSA-N,O[As](O)[O-]
25aics,NAQGHJTUZRHGAC-ZZZDFHIKSA-J,C1=NC(=C(N1C2C(C(C(O2)COP(=O)([O-])[O-])O)O)N)C(=O)NC(CC(=O)[O-])C(=O)[O-]
sufbcd_2fe2s2,NA,noinchikey_inpubchem
3hddecACP,NA,noinchikey_inpubchem
paps,GACDQMDRPRGCTN-KQYNXXCUSA-J,C1=NC(=C2C(=N1)N(C=N2)C3C(C(C(O3)COP(=O)([O-])OS(=O)(=O)[O-])OP(=O)([O-])[O-])O)N
sucr,CZMRCDWAGMRECN-UGDNZRGBSA-N,C(C1C(C(C(C(O1)OC2(C(C(C(O2)CO)O)O)CO)O)O)O)O
ggbutal,JZNLEPLZUABCSQ-ZETCQYMHSA-N,C(CC=O)CNC(=O)CCC(C(=O)O)N
glucan6,NA,noinchikey_inpubchem
lipidXn,NA,noinchikey_inpubchem
4h2opntn,HFKQINMYQUXOCH-UHFFFAOYSA-M,CC(CC(=O)C(=O)[O-])O
1agpg140,LUTDZDAPSDZVAL-RBUKOAKNSA-M,CCCCCCCCCCCCCC(=O)OCC(COP(=O)([O-])OCC(CO)O)O
fpram,PMCOGCVKOAOZQM-ZRTZXPPTSA-M,C(C1C(C(C(O1)[NH+]=C(CNC=O)N)O)O)OP(=O)([O-])[O-]
2dhphaccoa,NA,noinchikey_inpubchem
3hcpalm9eACP,NA,noinchikey_inpubchem
ppcoa,QAQREVBBADEHPA-IEXPHMLFSA-J,CCC(=O)SCCNC(=O)CCNC(=O)C(C(C)(C)COP(=O)([O-])OP(=O)([O-])OCC1C(C(C(O1)N2C=NC3=C(N=CN=C32)N)O)OP(=O)([O-])[O-])O
odecoa,NA,noinchikey_inpubchem
air,PDACUKOKVHBVHJ-ZRTZXPPTSA-M,C1=C([N+](=CN1)C2C(C(C(O2)COP(=O)([O-])[O-])O)O)N
ptrc,KIDHWZJUCRJVML-UHFFFAOYSA-P,C(CC[NH3+])C[NH3+]
q8,ICFIZJQGJAJRSU-SGHXUWJISA-N,CC1=C(C(=O)C(=C(C1=O)OC)OC)CC=C(C)CCC=C(C)CCC=C(C)CCC=C(C)CCC=C(C)CCC=C(C)CCC=C(C)CCC=C(C)C
dhna,VOJUXHHACRXLTD-UHFFFAOYSA-M,C1=CC=C2C(=C1)C(=CC(=C2O)C(=O)[O-])O
5d4dglcr,QUURPCHWPQNNGL-ZAFYKAAXSA-L,C(C(C(C(=O)[O-])O)O)C(=O)C(=O)[O-]
udcpp,UFPHFKCTOZIAFY-RDQGWRCRSA-L,CC(=CCCC(=CCCC(=CCCC(=CCCC(=CCCC(=CCCC(=CCCC(=CCCC(=CCCC(=CCCC(=CCOP(=O)([O-])[O-])C)C)C)C)C)C)C)C)C)C)C
3hpalmACP,NA,noinchikey_inpubchem
lald__L,BSABBBMNWQWLLU-VKHMYHEASA-N,CC(C=O)O
octapb,NA,noinchikey_inpubchem
scl2,NA,noinchikey_inpubchem
pgp140,NA,noinchikey_inpubchem
pser__L,BZQFBWGGLXLEPQ-REOHCLBHSA-L,C(C(C(=O)[O-])[NH3+])OP(=O)([O-])[O-]
metox,QEFRNWWLZKMPFJ-YGVKFDHGSA-N,CS(=O)CCC(C(=O)O)N
dgdp,CIKGWCTVFSRMJU-KVQBGUIXSA-K,C1C(C(OC1N2C=NC3=C2NC(=NC3=O)N)COP(=O)([O-])OP(=O)([O-])[O-])O
hkntd,WCJYZUFKKTYNLB-PFCALIJCSA-L,C(=CC(=O)C=CC(=O)[O-])C=C(C(=O)[O-])O
sufsesh,NA,noinchikey_inpubchem
34hpp,KKADPXVIOXHVKN-UHFFFAOYSA-M,C1=CC(=CC=C1CC(=O)C(=O)[O-])O
fad,IMGVNJNCCGXBHD-UYBVJOGSSA-K,noinchikey_inpubchem
fe2,CWYNVVGOOAEACU-UHFFFAOYSA-N,[Fe+2]
hgentis,IGMNYECMUMZDDF-UHFFFAOYSA-M,C1=CC(=C(C=C1O)CC(=O)[O-])O
4ppcys,XQYALQVLCNHCFT-CBAPKCEASA-K,CC(C)(COP(=O)([O-])[O-])C(C(=O)NCCC(=O)NC(CS)C(=O)[O-])O
thm,MYVIATVLJGTBFV-UHFFFAOYSA-M,CC1=C(SC=[N+]1CC2=CN=C(N=C2N)C)CCO.[Cl-]
uagmda,PNWZQTONLRRPST-KLDRQJOASA-J,CC(C(=O)NC(CCC(=O)NC(CCCC(C(=O)[O-])[NH3+])C(=O)NC(C)C(=O)NC(C)C(=O)[O-])C(=O)[O-])NC(=O)C(C)OC1C(C(OC(C1O)CO)OP(=O)([O-])OP(=O)([O-])OCC=C(C)CCC=C(C)CCC=C(C)CCC=C(C)CCC=C(C)CCC=C(C)CCC=C(C)CCC=C(C)CCC=C(C)CCC=C(C)CCC=C(C)C)NC(=O)C
gam6p,XHMJOUIAFHJHBW-IVMDWMLBSA-M,C(C1C(C(C(C(O1)O)[NH3+])O)O)OP(=O)([O-])[O-]
actn__R,ROWKJAVDOGWPAT-GSVOUGTGSA-N,CC(C(=O)C)O
dgsn,YKBGVTZYEHREMT-KVQBGUIXSA-N,C1C(C(OC1N2C=NC3=C2NC(=NC3=O)N)CO)O
aso4,DJHGAFSJWGLOIV-UHFFFAOYSA-L,O[As](=O)([O-])[O-]
1agpg120,IACXMECMZISNLR-UHFFFAOYSA-M,CCCCCCCCCCCC(=O)OCC(COP(=O)([O-])OCC(CO)O)O
mn2,WAEMQWOKJMHJLA-UHFFFAOYSA-N,[Mn+2]
adphep_DD,KMSFWBYFWSKGGR-FQBROAFUSA-L,C1=NC(=C2C(=N1)N(C=N2)C3C(C(C(O3)COP(=O)([O-])OP(=O)([O-])OC4C(C(C(C(O4)C(CO)O)O)O)O)O)O)N
2ins,VYEGBDHSGHXOGT-HYFGLKJPSA-N,noinchikey_inpubchem
2agpe181,NA,noinchikey_inpubchem
6p2dhglcn,ZKUSPPOKDDRMIU-JJYYJPOSSA-K,C(C(C(C(C(=O)C(=O)[O-])O)O)O)OP(=O)([O-])[O-]
bmoco1gdp,NA,noinchikey_inpubchem
ficytc,NA,noinchikey_inpubchem
2fe2s,NA,noinchikey_inpubchem
ac,QTBSBXVTEAMEQO-UHFFFAOYSA-M,CC(=O)[O-]
trnaglu,NA,noinchikey_inpubchem
fa4coa,NA,noinchikey_inpubchem
25dhpp,NA,noinchikey_inpubchem
nh3,QGZKDVFQNNGYKY-UHFFFAOYSA-O,[NH4+]
zn2,PTFCDOFLOPIGGS-UHFFFAOYSA-N,[Zn+2]
arab__L,PYMYPHUHKUWMLA-VAYJURFESA-N,C(C(C(C(C=O)O)O)O)O
bz,WPYMKLBDIGXBTP-UHFFFAOYSA-M,C1=CC=C(C=C1)C(=O)[O-]
bzal,HUMNYLRZRPPJDN-UHFFFAOYSA-N,C1=CC=C(C=C1)C=O
mmcoa__R,MZFOKIKEPGUZEN-AGCMQPJKSA-I,CC(C(=O)[O-])C(=O)SCCNC(=O)CCNC(=O)C(C(C)(C)COP(=O)([O-])OP(=O)([O-])OCC1C(C(C(O1)N2C=NC3=C(N=CN=C32)N)O)OP(=O)([O-])[O-])O
uacgamo,NA,noinchikey_inpubchem
ibcoa,AEWHYWSPVRZHCT-NDZSKPAWSA-J,CC(C)C(=O)SCCNC(=O)CCNC(=O)C(C(C)(C)COP(=O)([O-])OP(=O)([O-])OCC1C(C(C(O1)N2C=NC3=C(N=CN=C32)N)O)OP(=O)([O-])[O-])O
iscs,NA,noinchikey_inpubchem
lipopb,NA,noinchikey_inpubchem
so4,QAOWNCQODCNURD-UHFFFAOYSA-L,[O-]S(=O)(=O)[O-]
p_xyl,URLKBWYHVLBVBO-UHFFFAOYSA-N,CC1=CC=C(C=C1)C
1tdecg3p,FAZBDRGXCKPVJU-MRXNPFEDSA-L,CCCCCCCCCCCCCC(=O)OCC(COP(=O)([O-])[O-])O
dcmp,NCMVOABPESMRCP-SHYZEUOFSA-L,C1C(C(OC1N2C=CC(=NC2=O)N)COP(=O)([O-])[O-])O
cdpglyc,HHPOUCCVONEPRK-JBSYKWBFSA-L,C1=CN(C(=O)N=C1N)C2C(C(C(O2)COP(=O)([O-])OP(=O)([O-])OCC(CO)O)O)O
4mbzalc,KMTDMTZBNYGUNX-UHFFFAOYSA-N,CC1=CC=C(C=C1)CO
scl,KWIZRXMMFRBUML-AHGFGAHVSA-F,noinchikey_inpubchem
dextrin,NA,noinchikey_inpubchem
glu__D,WHUUTDBJXJRKMK-GSVOUGTGSA-M,C(CC(=O)O)C(C(=O)[O-])N
his__L,HNDVDQJCIGZPNO-YFKPBYRVSA-N,C1=C(NC=N1)CC(C(=O)O)N
metsox_S__L,QEFRNWWLZKMPFJ-YGVKFDHGSA-N,CS(=O)CCC(C(=O)O)N
1agpg181,FQQQKGAFQIIGLQ-SNZQZGEVSA-M,CCCCCCCCC=CCCCCCCCC(=O)OCC(COP(=O)([O-])OCC(CO)O)O
glutar,JFCQEDHGNNZCLN-UHFFFAOYSA-L,C(CC(=O)[O-])CC(=O)[O-]
acg5sa,BCPSFKBPHHBDAI-LURJTMIESA-M,CC(=O)NC(CCC=O)C(=O)[O-]
12dgr160,NA,noinchikey_inpubchem
pmtcoa,MNBKLUUYKPBKDU-BBECNAHFSA-J,CCCCCCCCCCCCCCCC(=O)SCCNC(=O)CCNC(=O)C(C(C)(C)COP(=O)([O-])OP(=O)([O-])OCC1C(C(C(O1)N2C=NC3=C(N=CN=C32)N)O)OP(=O)([O-])[O-])O
glyald,MNQZXJOMYWMBOU-VKHMYHEASA-N,C(C(C=O)O)O
hlipan,NA,noinchikey_inpubchem
pran,PMFMJXPRNJUYMB-GWOFURMSSA-K,C1=CC=C(C(=C1)C(=O)[O-])NC2C(C(C(O2)COP(=O)([O-])[O-])O)O
g3p,LXJXRIRHZLFYRP-VKHMYHEASA-L,C(C(C=O)O)OP(=O)([O-])[O-]
alltt,NUCLJNSWZCHRKL-UHFFFAOYSA-M,C(C(=O)[O-])(NC(=O)N)NC(=O)N
cellb,GUBGYTABKSRVRQ-QRZGKKJRSA-N,C(C1C(C(C(C(O1)OC2C(OC(C(C2O)O)O)CO)O)O)O)O
2agpg161,NA,noinchikey_inpubchem
kdo2lipid4Ln,NA,noinchikey_inpubchem
lipan,NA,noinchikey_inpubchem
gal1p,HXXFSFRBOHSIMQ-FPRJBGLDSA-L,C(C1C(C(C(C(O1)OP(=O)([O-])[O-])O)O)O)O
3hmrsACP,NA,noinchikey_inpubchem
moco,NA,noinchikey_inpubchem
alaala,DEFJQIDDEAULHB-QWWZWVQMSA-N,CC(C(=O)NC(C)C(=O)O)N
f6p,BGWGXPAPYGQALX-ARQDHWQXSA-L,C(C1C(C(C(O1)(CO)O)O)O)OP(=O)([O-])[O-]
hghhlipan,NA,noinchikey_inpubchem
rml1p,KNYGWWDTPGSEPD-OTWZMJIISA-L,CC(C(C(C(=O)COP(=O)([O-])[O-])O)O)O
orot5p,KYOBSHFOBAOFBF-XVFCMESISA-K,C1=C(N(C(=O)NC1=O)C2C(C(C(O2)COP(=O)([O-])[O-])O)O)C(=O)[O-]
gcald,WGCNASOHLSPBMP-UHFFFAOYSA-N,C(C=O)O
orot,PXQPEWDEAKTCGB-UHFFFAOYSA-M,C1=C(NC(=O)NC1=O)C(=O)[O-]
uri,DRTQHJPVMGBUCF-XVFCMESISA-N,C1=CN(C(=O)NC1=O)C2C(C(C(O2)CO)O)O
2h3oppan,QWBAFPFNGRFSFB-UHFFFAOYSA-M,C(=O)C(C(=O)[O-])O
sufbcd_2fe2s,NA,noinchikey_inpubchem
12dgr141,NA,noinchikey_inpubchem
4hbz,FJKROLUGYXJWQN-UHFFFAOYSA-M,C1=CC(=CC=C1C(=O)[O-])O
clav5s,NA,noinchikey_inpubchem
acald,IKHGUXGNUITLKF-UHFFFAOYSA-N,CC=O
hco3,BVKZGUZCCUSVTD-UHFFFAOYSA-M,C(=O)(O)[O-]
nadh,BOPGDPNILDQYTO-NNYOXOHSSA-L,C1C=CN(C=C1C(=O)N)C2C(C(C(O2)COP(=O)([O-])OP(=O)([O-])OCC3C(C(C(O3)N4C=NC5=C(N=CN=C54)N)O)O)O)O
lcts,GUBGYTABKSRVRQ-QKKXKWKRSA-N,C(C1C(C(C(C(O1)OC2C(OC(C(C2O)O)O)CO)O)O)O)O
cmeclav,NA,noinchikey_inpubchem
maltttr,LUEWUZLMQUOBSB-ZLBHSGTGSA-N,C(C1C(C(C(C(O1)OC2C(OC(C(C2O)O)OC3C(OC(C(C3O)O)OC4C(OC(C(C4O)O)O)CO)CO)CO)O)O)O)O
rml,QZNPNKJXABGCRC-FUTKDDECSA-N,CC(C(C(C(=O)CO)O)O)O
ipdp,NUHSROFQTUXZQQ-UHFFFAOYSA-K,CC(=C)CCOP(=O)([O-])OP(=O)([O-])[O-]
ckdo,YWWJKULNWGRYAS-UOVSKDHASA-L,C1C(C(C(OC1(C(=O)[O-])OP(=O)([O-])OCC2C(C(C(O2)N3C=CC(=NC3=O)N)O)O)C(CO)O)O)O
f1p,RHKKZBWRNHGJEZ-VRPWFDPXSA-L,C(C1C(C(C(O1)(COP(=O)([O-])[O-])O)O)O)O
dhlpro,NA,noinchikey_inpubchem
galt1p,GACTWZZMVMUKNG-DPYQTVNSSA-L,C(C(C(C(C(COP(=O)([O-])[O-])O)O)O)O)O
hdeACP,NA,noinchikey_inpubchem
LalaDgluMdap,NA,noinchikey_inpubchem
dhpt,WBFYVDCHGVNRBH-UHFFFAOYSA-M,C1C(=NC2=C(N1)NC(=NC2=O)N)CNC3=CC=C(C=C3)C(=O)[O-]
hqn,QIGBRXMKCJKVMJ-UHFFFAOYSA-N,C1=CC(=CC=C1O)O
tsul,DHCDFWKWKRSZHF-UHFFFAOYSA-M,OS(=O)(=S)[O-]
cit,KRKNYBCHXYNGOX-UHFFFAOYSA-K,C(C(=O)[O-])C(CC(=O)[O-])(C(=O)[O-])O
glc__D,WQZGKKKJIJFFOK-GASJEMHNSA-N,C(C1C(C(C(C(O1)O)O)O)O)O
2mcit,YNOXCRMFGMSKIJ-NFNCENRGSA-K,CC(C(=O)[O-])C(CC(=O)[O-])(C(=O)[O-])O
lpam,FCCDDURTIIUXBY-SSDOTTSWSA-N,C1CSSC1CCCCC(=O)N
thym,RWQNBRDOKXIBIV-UHFFFAOYSA-N,CC1=CNC(=O)NC1=O
2dr5p,ALQNUOMIEBHXQG-CRCLSJGQSA-L,C(C=O)C(C(COP(=O)([O-])[O-])O)O
1agpg160,BVJSKAUUFXBDOB-LEWJYISDSA-M,CCCCCCCCCCCCCCCC(=O)OCC(COP(=O)([O-])OCC(CO)O)O
3hhdcoa,DEHLMTDDPWDRDR-BCIKBWLNSA-J,CCCCCCCCCCCCCC(CC(=O)SCCNC(=O)CCNC(=O)C(C(C)(C)COP(=O)([O-])OP(=O)([O-])OCC1C(C(C(O1)N2C=NC3=C(N=CN=C32)N)O)OP(=O)([O-])[O-])O)O
ppp9,KSFOVUSSGSKXFI-UJJXFSCMSA-L,noinchikey_inpubchem
pencil,NA,noinchikey_inpubchem
pppg9,UHSGPDMIQQYNAX-UHFFFAOYSA-L,CC1=C2CC3=C(C(=C(N3)CC4=C(C(=C(N4)CC5=C(C(=C(N5)CC(=C1CCC(=O)[O-])N2)CCC(=O)[O-])C)C=C)C)C=C)C
fa3,NA,noinchikey_inpubchem
ggptrc,WKGTVHGVLRCTCF-UHFFFAOYSA-O,C(CCNC(=O)CCC(C(=O)[O-])[NH3+])C[NH3+]
salcn,NGFMICBWJRZIBI-UJPOAAIJSA-N,C1=CC=C(C(=C1)CO)OC2C(C(C(C(O2)CO)O)O)O
xan,LRFVTYWOQMYALW-UHFFFAOYSA-N,C1=NC2=C(N1)C(=O)NC(=O)N2
diact,QSJXEFYPDANLFS-UHFFFAOYSA-N,CC(=O)C(=O)C
e4p,NGHMDNPXVRFFGS-IUYQGCFVSA-L,C(C(C(C=O)O)O)OP(=O)([O-])[O-]
clavcar,NA,noinchikey_inpubchem
gam1p,YMJBYRVFGYXULK-QZABAPFNSA-M,C(C1C(C(C(C(O1)OP(=O)([O-])[O-])[NH3+])O)O)O
toctd2eACP,NA,noinchikey_inpubchem
5aprbu,RQRINYISXYAZKL-RPDRRWSUSA-L,C(C(C(C(COP(=O)([O-])[O-])O)O)O)NC1=C(C(=O)NC(=O)N1)N
oc2coa,CPSDNAXXKWVYIY-NTLMCJQISA-J,CCCCCC=CC(=O)SCCN=C(CCN=C(C(C(C)(C)COP(=O)(O)OP(=O)(O)OCC1C(C(C(O1)N2C=NC3=C(N=CN=C32)N)O)OP(=O)([O-])[O-])O)[O-])[O-]
ppgpp,BUFLLCUFNHESEH-UUOKFMHZSA-I,C1=NC2=C(N1C3C(C(C(O3)COP(=O)([O-])OP(=O)(O)[O-])OP(=O)([O-])OP(=O)([O-])[O-])O)NC(=NC2=O)N
2oph,VUNQJPPPTJIREN-CMAXTTDKSA-N,CC(=CCCC(=CCCC(=CCCC(=CCCC(=CCCC(=CCCC(=CCCC(=CCC1=CC=CC=C1O)C)C)C)C)C)C)C)C
pgp161,PTJJTQQVMKSSOK-WXUKJITCSA-K,CCCCCCC=CCCCCCCCC(=O)OCC(COP(=O)([O-])OCC(COP(=O)([O-])[O-])O)OC(=O)CCCCCCCC=CCCCCCC
orn,AHLPHDHHMVZTML-BYPYZUCNSA-O,C(CC(C(=O)[O-])[NH3+])C[NH3+]
metsox_R__L,QEFRNWWLZKMPFJ-ZXPFJRLXSA-N,CS(=O)CCC(C(=O)O)N
12dgr161,NA,noinchikey_inpubchem
3odecACP,NA,noinchikey_inpubchem
malcoa,LTYOQGRJFJAKNA-DVVLENMVSA-I,CC(C)(COP(=O)([O-])OP(=O)([O-])OCC1C(C(C(O1)N2C=NC3=C(N=CN=C32)N)O)OP(=O)([O-])[O-])C(C(=O)NCCC(=O)NCCSC(=O)CC(=O)[O-])O
t3c11vaceACP,NA,noinchikey_inpubchem
cobalt2,XLJKHNWPARRRJB-UHFFFAOYSA-N,[Co+2]
pyr,LCTONWCANYUPML-UHFFFAOYSA-M,CC(=O)C(=O)[O-]
glucan4,NA,noinchikey_inpubchem
moadamp,NA,noinchikey_inpubchem
4ppan,XHFVGHPGDLDEQO-ZETCQYMHSA-K,CC(C)(COP(=O)([O-])[O-])C(C(=O)NCCC(=O)[O-])O
mmtsa,VOKUMXABRRXHAR-VKHMYHEASA-M,CC(C=O)C(=O)[O-]
murein4p4p,VTZDBMVDVOTCFD-UHFFFAOYSA-G,noinchikey_inpubchem
lald__D,BSABBBMNWQWLLU-GSVOUGTGSA-N,CC(C=O)O
oaa,KHPXUQMNIQBQEV-UHFFFAOYSA-L,C(C(=O)C(=O)[O-])C(=O)[O-]
2kmb,SXFSQZDSUWACKX-UHFFFAOYSA-M,CSCCC(=O)C(=O)[O-]
12dgr180,NA,noinchikey_inpubchem
6hmhptpp,FCQGJGLSOWZZON-UHFFFAOYSA-K,C1C(=NC2=C(N1)NC(=NC2=O)N)COP(=O)([O-])OP(=O)([O-])[O-]
phthiocerol,HLQGVSDAPGNBGG-ITGKQZKFSA-N,CCCCCCCCCCCCCCCCCCC(CC(CCCCC(C)C(CC)OC)O)O
ttdceap,NA,noinchikey_inpubchem
4adcho,OIUJHGOLFKDBSU-HTQZYQBOSA-M,C=C(C(=O)[O-])OC1C=C(C=CC1[NH3+])C(=O)[O-]
gsn,NYHBQMYGNKIUIF-UUOKFMHZSA-N,C1=NC2=C(N1C3C(C(C(O3)CO)O)O)NC(=NC2=O)N
ru5p__D,FNZLKVNUWIIPSJ-UHNVWZDZSA-L,C(C(C(C(=O)CO)O)O)OP(=O)([O-])[O-]
2mahmp,AGQJQCFEPUVXNK-UHFFFAOYSA-K,CC1=NC=C(C(=N1)N)COP(=O)([O-])OP(=O)([O-])[O-]
lipidAdsn,NA,noinchikey_inpubchem
3oxdhscoa,IFFFDKYRRUVOFP-HURBHMQQSA-I,CC(C)(COP(=O)([O-])OP(=O)([O-])OCC1C(C(C(O1)N2C=NC3=C(N=CN=C32)N)O)OP(=O)([O-])[O-])C(C(=O)NCCC(=O)NCCSC(=O)CC(=O)CC=CCC(=O)[O-])O
fut,VEDWXCWBMDQNCV-SCFUHWHPSA-M,C1=CC(=CC(=C1)C(=O)[O-])C(=O)CCC2C(C(C(O2)N3C=NC4=C3NC=NC4=O)O)O
alltn,POJWUDADGALRAB-UHFFFAOYSA-N,C1(C(=O)NC(=O)N1)NC(=O)N
pe180,LVNGJLRDBYCPGB-LDLOPFEMSA-N,CCCCCCCCCCCCCCCCCC(=O)OCC(COP(=O)(O)OCCN)OC(=O)CCCCCCCCCCCCCCCCC
clava,NA,noinchikey_inpubchem
betald,SXKNCCSPZDCRFD-UHFFFAOYSA-N,C[N+](C)(C)CC=O
12dgr120,NA,noinchikey_inpubchem
dad_5,XGYIMTFOTBMPFP-KQYNXXCUSA-N,CC1C(C(C(O1)N2C=NC3=C(N=CN=C32)N)O)O
2agpg181,NA,noinchikey_inpubchem
lac__L,JVTAAEKCZFNVCJ-REOHCLBHSA-M,CC(C(=O)[O-])O
bmnmsh,NA,noinchikey_inpubchem
prlp,BLKFNHOCHNCLII-GHVQHMAVSA-J,C1=NC(=C(N1C2C(C(C(O2)COP(=O)([O-])[O-])O)O)NC=NCC(=O)C(C(COP(=O)([O-])[O-])O)O)C(=O)N
ser__L,MTCFGRXMJLQNBG-REOHCLBHSA-N,C(C(C(=O)O)N)O
fa3coa,NA,noinchikey_inpubchem
clavad,NA,noinchikey_inpubchem
hxcoa,NA,noinchikey_inpubchem
pgp180,UZNYMWWMHBZMLI-IOLBBIBUSA-K,CCCCCCCCCCCCCCCCCC(=O)OCC(COP(=O)([O-])OCC(COP(=O)([O-])[O-])O)OC(=O)CCCCCCCCCCCCCCCCC
achms,FCXZBWSIAGGPCB-YFKPBYRVSA-N,CC(=O)OCCC(C(=O)O)N
ocdceap,NA,noinchikey_inpubchem
gthrd,RWSXRVCMGQZWBV-WDSKDSINSA-M,C(CC(=O)NC(C[S-])C(=O)NCC(=O)O)C(C(=O)O)N
cdp4dh36ddglc,NA,noinchikey_inpubchem
gtca2_45_BS,NA,noinchikey_inpubchem
urate,LEHOTFFKMJEONL-UHFFFAOYSA-N,C12=C(NC(=O)N1)NC(=O)NC2=O
acorn,JRLGPAXAGHMNOL-LURJTMIESA-N,CC(=O)NC(CCCN)C(=O)O
cu2,JPVYNHNXODAKFH-UHFFFAOYSA-N,[Cu+2]
ddcacoa,YMCXGHLSVALICC-GMHMEAMDSA-J,CCCCCCCCCCCC(=O)SCCNC(=O)CCNC(=O)C(C(C)(C)COP(=O)([O-])OP(=O)([O-])OCC1C(C(C(O1)N2C=NC3=C(N=CN=C32)N)O)OP(=O)([O-])[O-])O
urcan,LOIYMIARKYCTBW-OWOJBTEDSA-M,C1=C(NC=N1)C=CC(=O)[O-]
rib__D,HMFHBZSHGGEWLO-SOOFDHNKSA-N,C(C1C(C(C(O1)O)O)O)O
isetac,SUMDYPCJJOFFON-UHFFFAOYSA-M,C(CS(=O)(=O)[O-])O
gmhep7p,SDADNVAZGVDAIM-ZUHYCWGWSA-L,C(C(C1C(C(C(C(O1)O)O)O)O)O)OP(=O)([O-])[O-]
but,NA,noinchikey_inpubchem
asn__L,DCXYFEDJOCDNAF-REOHCLBHSA-N,C(C(C(=O)O)N)C(=O)N
ptd1ino160,NA,noinchikey_inpubchem
cpppg3,NIUVHXTXUXOFEB-UHFFFAOYSA-J,CC1=C2CC3=C(C(=C(N3)CC4=C(C(=C(N4)CC5=C(C(=C(N5)CC(=C1CCC(=O)[O-])N2)C)CCC(=O)[O-])C)CCC(=O)[O-])CCC(=O)[O-])C
3ohexACP,NA,noinchikey_inpubchem
udcpdp,NTXGVHCCXVHYCL-RDQGWRCRSA-K,CC(=CCCC(=CCCC(=CCCC(=CCCC(=CCCC(=CCCC(=CCCC(=CCCC(=CCCC(=CCCC(=CCOP(=O)([O-])OP(=O)([O-])[O-])C)C)C)C)C)C)C)C)C)C)C
3ohdcoa,NQMPLXPCRJOSHL-BBECNAHFSA-J,CCCCCCCCCCCCCC(=O)CC(=O)SCCNC(=O)CCNC(=O)C(C(C)(C)COP(=O)([O-])OP(=O)([O-])OCC1C(C(C(O1)N2C=NC3=C(N=CN=C32)N)O)OP(=O)([O-])[O-])O
gam,MSWZFWKMSRAUBD-IVMDWMLBSA-O,C(C1C(C(C(C(O1)O)[NH3+])O)O)O
udcdpgalrmnman,NA,noinchikey_inpubchem
2fe1s,NA,noinchikey_inpubchem
3hcinnm,KKSDGJDHHZEWEP-SNAWJCMRSA-M,C1=CC(=CC(=C1)O)C=CC(=O)[O-]
gln__L,ZDXPYRJPNDTMRX-VKHMYHEASA-N,C(CC(=O)N)C(C(=O)O)N
udcpo5,NA,noinchikey_inpubchem
glyc__R,RBNPOMFGQQGHHO-UWTATZPHSA-M,C(C(C(=O)[O-])O)O
4pasp,IXZNKTPIYKDIGG-REOHCLBHSA-L,C(C(C(=O)[O-])[NH3+])C(=O)OP(=O)([O-])[O-]
3oxoadp,RTGHRDFWYQHVFW-UHFFFAOYSA-L,C(CC(=O)[O-])C(=O)CC(=O)[O-]
pac,WLJVXDMOQOGPHL-UHFFFAOYSA-M,C1=CC=C(C=C1)CC(=O)[O-]
iscssh,NA,noinchikey_inpubchem
3c4mop,HIIZAGQWABAMRR-BYPYZUCNSA-L,CC(C)C(C(=O)C(=O)[O-])C(=O)[O-]
cbl1,OMAOKVYASDIYQG-DSRCUDDDSA-L,noinchikey_inpubchem
2ippm,NJMGRJLQRLFQQX-HYXAFXHYSA-L,CC(C)C(=CC(=O)[O-])C(=O)[O-]
pacald,DTUQWGWMVIHBKE-UHFFFAOYSA-N,C1=CC=C(C=C1)CC=O
3oocoa,WPIVBCGRGVNDDT-CECATXLMSA-J,CCCCCC(=O)CC(=O)SCCN=C(CCN=C(C(C(C)(C)COP(=O)(O)OP(=O)(O)OCC1C(C(C(O1)N2C=NC3=C(N=CN=C32)N)O)OP(=O)([O-])[O-])O)[O-])[O-]
pant__R,OTOIIPJYVQJATP-BYPYZUCNSA-M,CC(C)(CO)C(C(=O)[O-])O
4hoxoh,ALFQPWXBAWHVDP-UHFFFAOYSA-M,CCC(CC(=O)C(=O)[O-])O
kdo2lipid4n,NA,noinchikey_inpubchem
strcoa,SIARJEKBADXQJG-LFZQUHGESA-J,CCCCCCCCCCCCCCCCCC(=O)SCCNC(=O)CCNC(=O)C(C(C)(C)COP(=O)([O-])OP(=O)([O-])OCC1C(C(C(O1)N2C=NC3=C(N=CN=C32)N)O)OP(=O)([O-])[O-])O
moadcosh,NA,noinchikey_inpubchem
2o3mpt,JVQYSWDUAOAHFM-SCSAIBSYSA-M,CCC(C)C(=O)C(=O)[O-]
dhcinnm,SIUKXCMDYPYCLH-SNAWJCMRSA-M,C1=CC(=C(C(=C1)O)O)C=CC(=O)[O-]
1hdecg3p,NA,noinchikey_inpubchem
trdox,NA,noinchikey_inpubchem
pppi,UNXRWKVEANCORM-UHFFFAOYSA-I,[O-]P(=O)([O-])OP(=O)([O-])OP(=O)([O-])[O-]
3mop,JVQYSWDUAOAHFM-BYPYZUCNSA-M,CCC(C)C(=O)C(=O)[O-]
man6p,NBSCHQHZLSJFNQ-QTVWNMPRSA-L,C(C1C(C(C(C(O1)O)O)O)O)OP(=O)([O-])[O-]
uaagmda,OXJNZXDFVLDLEI-MBCYCBSHSA-J,CC(C(=O)NC(CCC(=O)NC(CCCC(C(=O)[O-])[NH3+])C(=O)NC(C)C(=O)NC(C)C(=O)[O-])C(=O)[O-])NC(=O)C(C)OC1C(C(OC(C1OC2C(C(C(C(O2)CO)O)O)NC(=O)C)CO)OP(=O)([O-])OP(=O)([O-])OCC=C(C)CCC=C(C)CCC=C(C)CCC=C(C)CCC=C(C)CCC=C(C)CCC=C(C)CCC=C(C)CCC=C(C)CCC=C(C)CCC=C(C)C)NC(=O)C
phe__L,COLNVLDHVKWLRT-QMMMGPOBSA-N,C1=CC=C(C=C1)CC(C(=O)O)N
ghhlipan,NA,noinchikey_inpubchem
h,GPRLSGONYQIRFK-UHFFFAOYSA-N,[H+]
ttdca,NA,noinchikey_inpubchem
2mb2coa,PMWATMXOQQZNBX-DKBZLLMOSA-J,CC=C(C)C(=O)SCCNC(=O)CCNC(=O)C(C(C)(C)COP(=O)([O-])OP(=O)([O-])OCC1C(C(C(O1)N2C=NC3=C(N=CN=C32)N)O)OP(=O)([O-])[O-])O
h2o,XLYOFNOQVPJJNP-UHFFFAOYSA-N,O
ins,UGQMRVRMYYASKQ-KQYNXXCUSA-N,C1=NC(=O)C2=C(N1)N(C=N2)C3C(C(C(O3)CO)O)O
acmanap,QDSLHWJDSQGPEE-WCTZXXKLSA-L,CC(=O)NC(C=O)C(C(C(COP(=O)([O-])[O-])O)O)O
fru,RFSUNEUAIZKAJO-VRPWFDPXSA-N,C(C1C(C(C(O1)(CO)O)O)O)O
cephalC,NA,noinchikey_inpubchem
pg140,BPHQZTVXXXJVHI-AJQTZOPKSA-M,CCCCCCCCCCCCCC(=O)OCC(COP(=O)([O-])OCC(CO)O)OC(=O)CCCCCCCCCCCCC
1ddecg3p,STTKJLVEXMKLNA-CQSZACIVSA-L,CCCCCCCCCCCC(=O)OCC(COP(=O)([O-])[O-])O
arachACP,NA,noinchikey_inpubchem
3hadpcoa,OTEACGAEDCIMBS-NOTSHUFBSA-I,CC(C)(COP(=O)([O-])OP(=O)([O-])OCC1C(C(C(O1)N2C=NC3=C(N=CN=C32)N)O)OP(=O)([O-])[O-])C(C(=O)NCCC(=O)NCCSC(=O)CC(CCC(=O)[O-])O)O
pi,NBIIXXVUZAFLBC-UHFFFAOYSA-L,OP(=O)([O-])[O-]
2p4c2me,HTJXTKBIUVFUAR-XHIBXCGHSA-J,CC(CO)(C(COP(=O)([O-])OP(=O)([O-])OCC1C(C(C(O1)N2C=CC(=NC2=O)N)O)O)O)OP(=O)([O-])[O-]
hexs,NA,noinchikey_inpubchem
coa,RGJOEKWQDUBAIZ-IBOSZNHHSA-J,CC(C)(COP(=O)([O-])OP(=O)([O-])OCC1C(C(C(O1)N2C=NC3=C(N=CN=C32)N)O)OP(=O)([O-])[O-])C(C(=O)NCCC(=O)NCCS)O
ametam,ZUNBITIXDCPNSD-LSRJEVITSA-O,C[S+](CCC[NH3+])CC1C(C(C(O1)N2C=NC3=C(N=CN=C32)N)O)O
hom__L,UKAUYVFTDYCKQA-VKHMYHEASA-N,C(CO)C(C(=O)O)N
murein4px4px4p,NA,noinchikey_inpubchem
xylu__D,ZAQJHHRNXZUBTE-WUJLRWPWSA-N,C(C(C(C(=O)CO)O)O)O
ACV,NA,noinchikey_inpubchem
2ahhmp,NA,noinchikey_inpubchem
4hbald,RGHHSNMVTDWUBI-UHFFFAOYSA-N,C1=CC(=CC=C1C=O)O
pe140,NA,noinchikey_inpubchem
dca,NA,noinchikey_inpubchem
dttp,NHVNXKFIZYSCEB-XLPZGREQSA-J,CC1=CN(C(=O)NC1=O)C2CC(C(O2)COP(=O)([O-])OP(=O)([O-])OP(=O)([O-])[O-])O
dacetC,NA,noinchikey_inpubchem
ca2,BHPQYMZQTOCNFJ-UHFFFAOYSA-N,[Ca+2]
3htdcoa,OXBHKMHNDGRDCZ-STLSENOWSA-J,CCCCCCCCCCCC(CC(=O)SCCN=C(CCN=C(C(C(C)(C)COP(=O)(O)OP(=O)(O)OCC1C(C(C(O1)N2C=NC3=C(N=CN=C32)N)O)OP(=O)([O-])[O-])O)[O-])[O-])O
ditp,UFJPAQSLHAGEBL-RRKCRQDMSA-J,C1C(C(OC1N2C=NC3=C2NC=NC3=O)COP(=O)([O-])OP(=O)([O-])OP(=O)([O-])[O-])O
butso3,NA,noinchikey_inpubchem
ade,GFFGJBXGBJISGV-UHFFFAOYSA-N,C1=NC2=NC=NC(=C2N1)N
anhm4p,OUWAMZWZTFUVMV-NPLPHQDTSA-L,noinchikey_inpubchem
murein5px4px4p,UVVIMBIDZMDRCG-UHFFFAOYSA-D,noinchikey_inpubchem
dgpa,NA,noinchikey_inpubchem
palmACP,NA,noinchikey_inpubchem
k,NPYPAHLBTDXSSS-UHFFFAOYSA-N,[K+]
ahdt,DGGUVLXVLHAAGT-XINAWCOVSA-J,C1C(=NC2=C(N1)NC(=NC2=O)N)C(C(COP(=O)([O-])OP(=O)([O-])OP(=O)([O-])[O-])O)O
galt,FBPFZTCFMRRESA-GUCUJZIJSA-N,C(C(C(C(C(CO)O)O)O)O)O
hdceap,NA,noinchikey_inpubchem
trp__L,QIVBCDIJIAJPQS-VIFPVBQESA-N,C1=CC=C2C(=C1)C(=CN2)CC(C(=O)O)N
2agpe141,NA,noinchikey_inpubchem
etha,HZAXFHJVJLSVMW-UHFFFAOYSA-O,C(CO)[NH3+]
ala__D,QNAYBMKLOCPYGJ-UWTATZPHSA-N,CC(C(=O)O)N
hpyr,HHDDCCUIIUWNGJ-UHFFFAOYSA-M,C(C(=O)C(=O)[O-])O
hdcap,NA,noinchikey_inpubchem
5aizc,XFVULMDJZXYMSG-ZIYNGMLESA-L,C1=NC(=C(N1C2C(C(C(O2)COP(=O)([O-])[O-])O)O)N)C(=O)O
26dap__M,GMKMEZVLHJARHF-SYDPRGILSA-N,C(CC(C(=O)O)N)CC(C(=O)O)N
gdptp,KCPMACXZAITQAX-UUOKFMHZSA-H,C1=NC2=C(N1C3C(C(C(O3)COP(=O)([O-])OP(=O)([O-])OP(=O)([O-])[O-])OP(=O)([O-])OP(=O)(O)[O-])O)NC(=NC2=O)N
1hdec9eg3p,NA,noinchikey_inpubchem
gar,OBQMLSFOUZUIOB-HJZCUYRDSA-M,C(C1C(C(C(O1)NC(=O)C[NH3+])O)O)OP(=O)([O-])[O-]
glcur,AEMOLEFTQBMNLQ-AQKNRBDQSA-M,C1(C(C(OC(C1O)O)C(=O)[O-])O)O
2hchd,VPGPQVKJUYKKNN-AWYLAFAOSA-M,noinchikey_inpubchem
nac,PVNIIMVLHYAWGP-UHFFFAOYSA-M,C1=CC(=CN=C1)C(=O)[O-]
octa,WWZKQHOCKIZLMA-UHFFFAOYSA-M,CCCCCCCC(=O)[O-]
hmclav,NA,noinchikey_inpubchem
6pgc,BIRSGZKFKXLSJQ-SQOUGZDYSA-K,C(C(C(C(C(C(=O)[O-])O)O)O)O)OP(=O)([O-])[O-]
pgp181,NA,noinchikey_inpubchem
nh4oh,VHUUQVKOLVNVRT-UHFFFAOYSA-N,[NH4+].[OH-]
ura,ISAKRJDGNUQOIC-UHFFFAOYSA-N,C1=CNC(=O)NC1=O
dctp,RGWHQCVHVJXOKC-SHYZEUOFSA-J,C1C(C(OC1N2C=CC(=NC2=O)N)COP(=O)([O-])OP(=O)([O-])OP(=O)([O-])[O-])O
pyam5p,ZMJGSOSNSPKHNH-UHFFFAOYSA-M,CC1=NC=C(C(=C1O)C[NH3+])COP(=O)([O-])[O-]
gly,DHMQDGOQFOQNFH-UHFFFAOYSA-N,C(C(=O)O)N
gluala,WQXXXVRAFAKQJM-WHFBIAKZSA-M,CC(C(=O)[O-])NC(=O)CCC(C(=O)[O-])[NH3+]
g3ps,ZWZWYGMENQVNFU-UHNVWZDZSA-M,C(C(COP(=O)([O-])OCC(C(=O)[O-])[NH3+])O)O
prephth,NA,noinchikey_inpubchem
decdp,FSCYHDCTHRVSKN-CMVHWAPMSA-K,CC(=CCCC(=CCCC(=CCCC(=CCCC(=CCCC(=CCCC(=CCCC(=CCCC(=CCCC(=CCOP(=O)([O-])OP(=O)([O-])[O-])C)C)C)C)C)C)C)C)C)C
23dhdp,UWOCFOFVIBZJGH-YFKPBYRVSA-L,C1C=CC(=NC1C(=O)[O-])C(=O)[O-]
agm,QYPPJABKJHAVHS-UHFFFAOYSA-P,C(CC[NH+]=C(N)N)C[NH3+]
glu1sa,MPUUQNGXJSEWTF-BYPYZUCNSA-N,C(CC(=O)O)C(C=O)N
iscu,NA,noinchikey_inpubchem
tre6p,LABSPYBHMPDTEL-LIZSDCNHSA-L,C(C1C(C(C(C(O1)OC2C(C(C(C(O2)COP(=O)([O-])[O-])O)O)O)O)O)O)O
phpyr,BTNMPGBKDVTSJY-UHFFFAOYSA-M,C1=CC=C(C=C1)CC(=O)C(=O)[O-]
2agpg160,ODJYINYQGFIIRK-UHFFFAOYSA-M,CCCCCCCCCCCCCCCC(=O)OC(CO)COP(=O)([O-])OCC(CO)O
pg180,FVJZSBGHRPJMMA-IOLBBIBUSA-M,CCCCCCCCCCCCCCCCCC(=O)OCC(COP(=O)([O-])OCC(CO)O)OC(=O)CCCCCCCCCCCCCCCCC
cro4,ZCDOYSPFYFSLEW-UHFFFAOYSA-N,[O-][Cr](=O)(=O)[O-]
mnl,FBPFZTCFMRRESA-KVTDHHQDSA-N,C(C(C(C(C(CO)O)O)O)O)O
malthx,OCIBBXPLUVYKCH-QXVNYKTNSA-N,C(C1C(C(C(C(O1)OC2C(OC(C(C2O)O)OC3C(OC(C(C3O)O)OC4C(OC(C(C4O)O)OC5C(OC(C(C5O)O)OC6C(OC(C(C6O)O)O)CO)CO)CO)CO)CO)O)O)O)O
3hmp,DBXBTMSZEOQQDU-UHFFFAOYSA-M,CC(CO)C(=O)[O-]
5apru,LZEXYCAGPMYXLX-UMMCILCDSA-L,C(C1C(C(C(O1)NC2=C(C(=O)NC(=O)N2)N)O)O)OP(=O)([O-])[O-]
5fthf,VVIAGPKUTFNRDU-STQMWFEESA-L,C1C(N(C2=C(N1)NC(=NC2=O)N)C=O)CNC3=CC=C(C=C3)C(=O)NC(CCC(=O)[O-])C(=O)[O-]
thmmp,HZSAJDVWZRBGIF-UHFFFAOYSA-M,CC1=C(SC=[N+]1CC2=CN=C(N=C2N)C)CCOP(=O)([O-])[O-]
mbhn,NA,noinchikey_inpubchem
2agpe140,DDUZNLUWXLYPCP-UHFFFAOYSA-N,CCCCCCCCCCCCCC(=O)OC(CO)COP(=O)(O)OCCN
adn,OIRDTQYFTABQOQ-KQYNXXCUSA-N,C1=NC(=C2C(=N1)N(C=N2)C3C(C(C(O3)CO)O)O)N
mqn8,LXKDFTDVRVLXFY-WQWYCSGDSA-N,CC1=C(C(=O)C2=CC=CC=C2C1=O)CC=C(C)CCC=C(C)CCC=C(C)CCC=C(C)CCC=C(C)CCC=C(C)CCC=C(C)CCC=C(C)C
ttdcea,NA,noinchikey_inpubchem
udcdpgalrmn,NA,noinchikey_inpubchem
3hcvac11eACP,NA,noinchikey_inpubchem
pheme,KABFMIBPWCXCRK-RGGAHWMASA-J,noinchikey_inpubchem
dkmpp,HKEAOVFNWRDVAJ-UHFFFAOYSA-L,CSCCC(=O)C(=O)COP(=O)([O-])[O-]
hxa,FUZZWVXGSFPDMH-UHFFFAOYSA-M,CCCCCC(=O)[O-]
bglycogen,NA,noinchikey_inpubchem
pan4p,JDMUPRLRUUMCTL-VIFPVBQESA-L,CC(C)(COP(=O)([O-])[O-])C(C(=O)NCCC(=O)NCCS)O
ddcap,NA,noinchikey_inpubchem
lpro,NA,noinchikey_inpubchem
adocbi,KQXSPGAEBZWHMC-OCUXTBADSA-N,noinchikey_inpubchem
dc2coa,MGNBGCRQQFMNBM-YJHHLLFWSA-J,CCCCCCCC=CC(=O)SCCNC(=O)CCNC(=O)C(C(C)(C)COP(=O)([O-])OP(=O)([O-])OCC1C(C(C(O1)N2C=NC3=C(N=CN=C32)N)O)OP(=O)([O-])[O-])O
ppbng,QSHWIQZFGQKFMA-UHFFFAOYSA-M,C1=C(C(=C(N1)C[NH3+])CC(=O)[O-])CCC(=O)[O-]
bz12diol,PUCYIVFXTPWJDD-CAHLUQPWSA-M,C1=CC(C(C=C1)(C(=O)[O-])O)O
uamr,NQBRVZNDBBMBLJ-MQTLHLSBSA-K,CC(C(=O)[O-])OC1C(C(OC(C1O)CO)OP(=O)([O-])OP(=O)([O-])OCC2C(C(C(O2)N3C=CC(=O)NC3=O)O)O)NC(=O)C
3opalmACP,NA,noinchikey_inpubchem
crn__D,PHIQHXFUZVPYII-LURJTMIESA-N,C[N+](C)(C)CC(CC(=O)[O-])O
db4p,OKYHYXLCTGGOLM-UHFFFAOYSA-L,CC(=O)C(COP(=O)([O-])[O-])O
hdca,IPCSVZSSVZVIGE-UHFFFAOYSA-M,CCCCCCCCCCCCCCCC(=O)[O-]
23dhb,GLDQAMYCGOIJDV-UHFFFAOYSA-M,C1=CC(=C(C(=C1)O)O)C(=O)[O-]
spmd,ATHGHQPFGPMSJY-UHFFFAOYSA-Q,C(CC[NH2+]CCC[NH3+])C[NH3+]
ch4s,LSDPWZHWYPCBBB-UHFFFAOYSA-N,CS
asp__L,CKLJMWTZIZZHCS-REOHCLBHSA-M,C(C(C(=O)[O-])[NH3+])C(=O)[O-]
sbt__D,FBPFZTCFMRRESA-JGWLITMVSA-N,C(C(C(C(C(CO)O)O)O)O)O
acgclavam,NA,noinchikey_inpubchem
rdxr,NA,noinchikey_inpubchem
frmd,ZHNUHDYFZUAESO-UHFFFAOYSA-N,C(=O)N
7hcdcs,NA,noinchikey_inpubchem
cbm,KXDHJXZQYSOELW-UHFFFAOYSA-M,C(=O)(N)[O-]
glcn,RGHNJXZEOKUKBD-SQOUGZDYSA-M,C(C(C(C(C(C(=O)[O-])O)O)O)O)O
octeACP,NA,noinchikey_inpubchem
quln,GJAWHXHKYYXBSV-UHFFFAOYSA-L,C1=CC(=C(N=C1)C(=O)[O-])C(=O)[O-]
arbt6p,FBHYCDOVYMVLEN-RMPHRYRLSA-L,C1=CC(=CC=C1O)OC2C(C(C(C(O2)COP(=O)([O-])[O-])O)O)O
b2coa,KFWWCMJSYSSPSK-PAXLJYGASA-J,CC=CC(=O)SCCNC(=O)CCNC(=O)C(C(C)(C)COP(=O)([O-])OP(=O)([O-])OCC1C(C(C(O1)N2C=NC3=C(N=CN=C32)N)O)OP(=O)([O-])[O-])O
met__L,FFEARJCKVFRZRR-BYPYZUCNSA-N,CSCCC(C(=O)O)N
dhor__S,UFIVEPVSAGBUSI-REOHCLBHSA-M,C1C(NC(=O)NC1=O)C(=O)[O-]
pdima,NA,noinchikey_inpubchem
pydx5p,NGVDGCNFYWLIFO-UHFFFAOYSA-L,CC1=NC=C(C(=C1O)C=O)COP(=O)([O-])[O-]
tpalm2eACP,NA,noinchikey_inpubchem
duri,MXHRCPNRJAMMIM-SHYZEUOFSA-N,C1C(C(OC1N2C=CC(=O)NC2=O)CO)O
ppap,FMNMEQSRDWIBFO-UHFFFAOYSA-L,CCC(=O)OP(=O)([O-])[O-]
mmcoa__S,MZFOKIKEPGUZEN-IBNUZSNCSA-I,CC(C(=O)[O-])C(=O)SCCNC(=O)CCNC(=O)C(C(C)(C)COP(=O)([O-])OP(=O)([O-])OCC1C(C(C(O1)N2C=NC3=C(N=CN=C32)N)O)OP(=O)([O-])[O-])O
glx,HHLFWLYXYJOTON-UHFFFAOYSA-M,C(=O)C(=O)[O-]
idon__L,RGHNJXZEOKUKBD-SKNVOMKLSA-M,C(C(C(C(C(C(=O)[O-])O)O)O)O)O
sulfac,AGGIJOLULBJGTQ-UHFFFAOYSA-L,C(C(=O)[O-])S(=O)(=O)[O-]
tre,HDTRYLNUVZCQOY-LIZSDCNHSA-N,C(C1C(C(C(C(O1)OC2C(C(C(C(O2)CO)O)O)O)O)O)O)O
udcpo4,NA,noinchikey_inpubchem
2ahhmd,FCQGJGLSOWZZON-UHFFFAOYSA-L,noinchikey_inpubchem
2dhglcn,VBUYCZFBVCCYFD-JJYYJPOSSA-M,C(C(C(C(C(=O)C(=O)[O-])O)O)O)O
ohpb,MZJFVXDTNBHTKZ-UWTATZPHSA-K,C(C(C(=O)C(=O)[O-])O)OP(=O)([O-])[O-]
10fthf,AUFGTPPARQZWDO-YPMHNXCESA-L,C1C(NC2=C(N1)NC(=NC2=O)N)CN(C=O)C3=CC=C(C=C3)C(=O)NC(CCC(=O)[O-])C(=O)[O-]
etoh,LFQSCWFLJHTTHZ-UHFFFAOYSA-N,CCO
anhgm3p,ZWZMFRJKRXDGBE-UHFFFAOYSA-L,noinchikey_inpubchem
crn,PHIQHXFUZVPYII-ZCFIWIBFSA-N,C[N+](C)(C)CC(CC(=O)[O-])O
skm5p,QYOJSKGCWNAKGW-PBXRRBTRSA-K,C1C(C(C(C=C1C(=O)[O-])OP(=O)([O-])[O-])O)O
pclavam,NA,noinchikey_inpubchem
2agpe120,NPAZKTOOMVQLIH-UHFFFAOYSA-N,CCCCCCCCCCCC(=O)OC(CO)COP(=O)(O)OCCN
2agpg140,NHYJQQUDLXESED-UHFFFAOYSA-M,CCCCCCCCCCCCCC(=O)OC(CO)COP(=O)([O-])OCC(CO)O
3hpppn,QVWAEZJXDYOKEH-UHFFFAOYSA-M,C1=CC(=CC(=C1)O)CCC(=O)[O-]
dad_2,OLXZPDWKRNYJJZ-RRKCRQDMSA-N,C1C(C(OC1N2C=NC3=C(N=CN=C32)N)CO)O
dtdprmn,ZOSQFDVXNQFKBY-CGAXJHMRSA-L,CC1C(C(C(C(O1)OP(=O)([O-])OP(=O)([O-])OCC2C(CC(O2)N3C=C(C(=O)NC3=O)C)O)O)O)O
2mecdp,SFRQRNJMIIUYDI-UHNVWZDZSA-L,CC1(C(COP(=O)(OP(=O)(O1)[O-])[O-])O)CO
12dag3p_BS,NA,noinchikey_inpubchem
malttr,FYGDTMLNYKFZSV-PXXRMHSHSA-N,C(C1C(C(C(C(O1)OC2C(OC(C(C2O)O)OC3C(OC(C(C3O)O)O)CO)CO)O)O)O)O
34dhpha,CFFZDZCDUFSOFZ-UHFFFAOYSA-M,C1=CC(=C(C=C1CC(=O)[O-])O)O
rdxo,NA,noinchikey_inpubchem
murein5p5p,WSONNHVKPYOZEY-UHFFFAOYSA-E,noinchikey_inpubchem
5aptn,JJMDCOVWQOJGCB-UHFFFAOYSA-N,C(CCN)CC(=O)O
5aop,ZGXJTSGNIOSYLO-UHFFFAOYSA-N,C(CC(=O)O)C(=O)CN
pe160,SLKDGVPOSSLUAI-PGUFJCEWSA-N,CCCCCCCCCCCCCCCC(=O)OCC(COP(=O)(O)OCCN)OC(=O)CCCCCCCCCCCCCCC
ala__L,QNAYBMKLOCPYGJ-REOHCLBHSA-N,CC(C(=O)O)N
hdcoa,NA,noinchikey_inpubchem
Sfglutth,FHXAGOICBFGEBF-BQBZGAKWSA-M,C(CC(=O)NC(CSC=O)C(=O)NCC(=O)[O-])C(C(=O)[O-])[NH3+]
lipo2_24_BS,NA,noinchikey_inpubchem
murein5p5p5p,FOZGDVCGOFWZKF-SSRSPRHQSA-G,noinchikey_inpubchem
rmn,PNNNRSAQSRJVSB-BXKVDMCESA-N,CC(C(C(C(C=O)O)O)O)O
oxalcoa,QVXMZFTWJVBUHP-IBOSZNHHSA-I,CC(C)(COP(=O)([O-])OP(=O)([O-])OCC1C(C(C(O1)N2C=NC3=C(N=CN=C32)N)O)OP(=O)([O-])[O-])C(C(=O)NCCC(=O)NCCSC(=O)C(=O)[O-])O
occoa,KQMZYOXOBSXMII-CECATXLMSA-J,CCCCCCCC(=O)SCCNC(=O)CCNC(=O)C(C(C)(C)COP(=O)([O-])OP(=O)([O-])OCC1C(C(C(O1)N2C=NC3=C(N=CN=C32)N)O)OP(=O)([O-])[O-])O
2hh24dd,NA,noinchikey_inpubchem
camp,IVOMOUWHDPKRLL-KQYNXXCUSA-M,C1C2C(C(C(O2)N3C=NC4=C(N=CN=C43)N)O)OP(=O)(O1)[O-]
2hmcnsad,KGLCZTRXNNGESL-WFTYEQLWSA-M,noinchikey_inpubchem
q,NA,noinchikey_inpubchem
udpLa4n,GWBAKYBSWHQNMQ-IAZOVDBXSA-M,C1C(C(C(C(O1)OP(=O)([O-])OP(=O)([O-])OCC2C(C(C(O2)N3C=CC(=O)NC3=O)O)O)O)O)[NH3+]
gclavam,NA,noinchikey_inpubchem
flxso,NA,noinchikey_inpubchem
gg4abut,MKYPKZSGLSOGLL-LURJTMIESA-M,C(CC(=O)[O-])CNC(=O)CCC(C(=O)[O-])[NH3+]
csn,OPTASPLRGRRNAP-UHFFFAOYSA-N,C1=C(NC(=O)N=C1)N
mql7,VFGNPJRRTKMYKN-LJWNYQGCSA-N,CC1=C(C2=CC=CC=C2C(=C1CC=C(C)CCC=C(C)CCC=C(C)CCC=C(C)CCC=C(C)CCC=C(C)CCC=C(C)C)O)O
nadph,ACFIXJIJDZMPPO-NNYOXOHSSA-J,C1C=CN(C=C1C(=O)N)C2C(C(C(O2)COP(=O)([O-])OP(=O)([O-])OCC3C(C(C(O3)N4C=NC5=C(N=CN=C54)N)OP(=O)([O-])[O-])O)O)O
5oxpro,ODHCTXKNWHHXJC-VKHMYHEASA-M,C1CC(=O)NC1C(=O)[O-]
fomclav,NA,noinchikey_inpubchem
succ,KDYFGRWQOYBRFD-UHFFFAOYSA-L,C(CC(=O)[O-])C(=O)[O-]
imp,GRSZFWQUAKGDAV-KQYNXXCUSA-L,C1=NC(=O)C2=C(N1)N(C=N2)C3C(C(C(O3)COP(=O)([O-])[O-])O)O
pro__L,ONIBWKKTOPOVIA-BYPYZUCNSA-N,C1CC(NC1)C(=O)O
4abz,ALYNCZNDIQEVRV-UHFFFAOYSA-M,C1=CC(=CC=C1C(=O)[O-])N
cytd,UHDGCWIWMRVCDJ-XVFCMESISA-N,C1=CN(C(=O)N=C1N)C2C(C(C(O2)CO)O)O
sdhlam,KWKBJWYJJBQOAE-UHFFFAOYSA-M,noinchikey_inpubchem
adhlam,ARGXEXVCHMNAQU-UHFFFAOYSA-N,CC(=O)SC(CCCCC(=O)N)CCS
udpgal,HSCJRCZFDFQWRP-ABVWGUQPSA-L,C1=CN(C(=O)NC1=O)C2C(C(C(O2)COP(=O)([O-])OP(=O)([O-])OC3C(C(C(C(O3)CO)O)O)O)O)O
dhnpt,YQIFAMYNGGOTFB-XINAWCOVSA-N,C1C(=NC2=C(N1)NC(=NC2=O)N)C(C(CO)O)O
no,MWUXSHHQAYIFBG-UHFFFAOYSA-N,[N]=O
ara5p,PPQRONHOSHZGFQ-WDCZJNDASA-L,C(C(C(C(C=O)O)O)O)OP(=O)([O-])[O-]
dhpmp,PLSQMGZYOGSOCE-XINAWCOVSA-L,C1C(=NC2=C(N1)NC(=NC2=O)N)C(C(COP(=O)([O-])[O-])O)O
rbl__L,ZAQJHHRNXZUBTE-UCORVYFPSA-N,C(C(C(C(=O)CO)O)O)O
forglu,NRXIKWMTVXPVEF-BYPYZUCNSA-M,C(CC(=O)[O-])C(C(=O)[O-])[NH+]=CN
gmp,RQFCJASXJCIDSX-UUOKFMHZSA-L,C1=NC2=C(N1C3C(C(C(O3)COP(=O)([O-])[O-])O)O)NC(=NC2=O)N
bmoco,NA,noinchikey_inpubchem
udp,XCCTYIAWTASOJW-XVFCMESISA-K,C1=CN(C(=O)NC1=O)C2C(C(C(O2)COP(=O)([O-])OP(=O)([O-])[O-])O)O
thymd,IQFYYKKMVGJFEH-XLPZGREQSA-N,CC1=CN(C(=O)NC1=O)C2CC(C(O2)CO)O
dtdp4d6dm,PSXWNITXWWECNY-LPVGZGSHSA-L,CC1C(=O)C(C(C(O1)OP(=O)([O-])OP(=O)([O-])OCC2C(CC(O2)N3C=C(C(=O)NC3=O)C)O)O)O
eths,CCIVGXIOQKPBKL-UHFFFAOYSA-M,CCS(=O)(=O)[O-]
pg141,NA,noinchikey_inpubchem
hhlipan,NA,noinchikey_inpubchem
dscl,OQIIYZQTTMKFAU-ZNLOQLQNSA-G,CC1(C(C2=CC3=C(C(=C(N3)CC4=C(C(=C(N4)C=C5C(C(C(=N5)C=C1[NH2+]2)CCC(=O)[O-])(C)CC(=O)[O-])CC(=O)[O-])CCC(=O)[O-])CCC(=O)[O-])CC(=O)[O-])CCC(=O)[O-])CC(=O)[O-]
5pg35pg,ZEHOHLFQOXAZHX-MHARETSRSA-K,C1=NC2=C(N1C3C(C(C(O3)COP(=O)([O-])OC4C(OC(C4O)N5C=NC6=C5NC(=NC6=O)N)COP(=O)([O-])[O-])O)O)NC(=NC2=O)N
cdpdodec11eg,KISJWPWNABZPGN-IGIWICMZSA-L,noinchikey_inpubchem
focytc,NA,noinchikey_inpubchem
dcaACP,NA,noinchikey_inpubchem
pram,SKCBPEVYGOQGJN-TXICZTDVSA-M,C(C1C(C(C(O1)[NH3+])O)O)OP(=O)([O-])[O-]
chols,WXCQAWGXWVRCGP-UHFFFAOYSA-N,C[N+](C)(C)CCOS(=O)(=O)[O-]
urea,XSQUKJJJFZCRTK-UHFFFAOYSA-N,C(=O)(N)N
fa4,NA,noinchikey_inpubchem
acmana,MBLBDJOUHNCFQT-XAMCCFCMSA-N,CC(=O)NC(C=O)C(C(C(CO)O)O)O
3psme,QUTYKIXIUDQOLK-PRJMDXOYSA-J,C=C(C(=O)[O-])OC1CC(=CC(C1O)OP(=O)([O-])[O-])C(=O)[O-]
sufbcd_4fe4s,NA,noinchikey_inpubchem
fdxox,NA,noinchikey_inpubchem
gmhep1p,KMEJCSKJXSBBAN-QTNLNCNHSA-L,C(C(C1C(C(C(C(O1)OP(=O)([O-])[O-])O)O)O)O)O
dump,JSRLJPSBLDHEIO-SHYZEUOFSA-L,C1C(C(OC1N2C=CC(=O)NC2=O)COP(=O)([O-])[O-])O
murein4px4p,NA,noinchikey_inpubchem
pa160,PORPENFLTBBHSG-MGBGTMOVSA-L,CCCCCCCCCCCCCCCC(=O)OCC(COP(=O)([O-])[O-])OC(=O)CCCCCCCCCCCCCCC
malt,GUBGYTABKSRVRQ-PICCSMPSSA-N,C(C1C(C(C(C(O1)OC2C(OC(C(C2O)O)O)CO)O)O)O)O
glyb,KWIUHFFTVRNATP-UHFFFAOYSA-N,C[N+](C)(C)CC(=O)[O-]
oxptn,VBKPPDYGFUZOAJ-UHFFFAOYSA-M,C(CC=O)CC(=O)[O-]
ACP,NA,noinchikey_inpubchem
4fumacac,GACSIVHAIFQKTC-OWOJBTEDSA-L,C(C(=O)CC(=O)[O-])C(=O)C=CC(=O)[O-]
xmp,DCTLYFZHFGENCW-UUOKFMHZSA-L,C1=NC2=C(N1C3C(C(C(O3)COP(=O)([O-])[O-])O)O)NC(=O)NC2=O
ncam,DFPAKSUCGFBDDF-UHFFFAOYSA-N,C1=CC(=CN=C1)C(=O)N
acclavam,NA,noinchikey_inpubchem
malACP,NA,noinchikey_inpubchem
mthgxl,AIJULSRZWUXGPQ-UHFFFAOYSA-N,CC(=O)C=O
penciln,NA,noinchikey_inpubchem
nh4,QGZKDVFQNNGYKY-UHFFFAOYSA-O,[NH4+]
btal,ZTQSAGDEMFDKMZ-UHFFFAOYSA-N,CCCC=O
buts,NA,noinchikey_inpubchem
forcoa,SXMOKYXNAPLNCW-GORZOVPNSA-J,CC(C)(COP(=O)([O-])OP(=O)([O-])OCC1C(C(C(O1)N2C=NC3=C(N=CN=C32)N)O)OP(=O)([O-])[O-])C(C(=O)NCCC(=O)NCCSC=O)O
gdbtal,VCOFTLCIPLEZKE-UHFFFAOYSA-O,C(CC=O)C[NH+]=C(N)N
lipo3_24_BS,NA,noinchikey_inpubchem
glcn__D,RGHNJXZEOKUKBD-SQOUGZDYSA-M,C(C(C(C(C(C(=O)[O-])O)O)O)O)O
mi1p__D,INAPMGSXUVUWAF-UOTPTPDRSA-L,noinchikey_inpubchem
4hphac,HBMCQTHGYMTCOF-UHFFFAOYSA-N,CC(=O)OC1=CC=C(C=C1)O
3ocvac11eACP,NA,noinchikey_inpubchem
actACP,NA,noinchikey_inpubchem
mso3,AFVFQIVMOAPDHO-UHFFFAOYSA-M,CS(=O)(=O)[O-]
cdpdddecg,NA,noinchikey_inpubchem
pa120,NA,noinchikey_inpubchem
toct2eACP,NA,noinchikey_inpubchem
h2co3,NA,noinchikey_inpubchem
btn,YBJHBAHKTGYVGT-ZKWXMUAHSA-M,C1C2C(C(S1)CCCCC(=O)[O-])NC(=O)N2
cdp4dh6doglc,PUBYMNIINUUJLL-JOCQNMFKSA-L,CC1C(=O)C(C(C(O1)OP(=O)([O-])OP(=O)([O-])OCC2C(C(C(O2)N3C=CC(=NC3=O)N)O)O)O)O
cigam,NA,noinchikey_inpubchem
h2,UFHFLCQGNIYNRP-UHFFFAOYSA-N,[HH]
5drib,WDRISBUVHBMJEF-MROZADKFSA-N,CC(C(C(C=O)O)O)O
xu5p__D,FNZLKVNUWIIPSJ-RFZPGFLSSA-L,C(C(C(C(=O)CO)O)O)OP(=O)([O-])[O-]
salchs4,NA,noinchikey_inpubchem
tmhexc,NA,noinchikey_inpubchem
pgp120,NA,noinchikey_inpubchem
acgam6p,BRGMHAYQAZFZDJ-RTRLPJTCSA-L,CC(=O)NC1C(C(C(OC1O)COP(=O)([O-])[O-])O)O
fmnRD,NA,noinchikey_inpubchem
gmhep17bp,LMTGTTLGDUACSJ-NNPWBXLPSA-J,C(C(C1C(C(C(C(O1)OP(=O)([O-])[O-])O)O)O)O)OP(=O)([O-])[O-]
din,VGONTNSXDCQUGY-RRKCRQDMSA-N,C1C(C(OC1N2C=NC3=C2NC=NC3=O)CO)O
dh4mchc,KWQSYZVAOWYCNP-POYBYMJQSA-M,CC1=CC(C(C=C1)(C(=O)[O-])O)O
ethso3,CCIVGXIOQKPBKL-UHFFFAOYSA-M,CCS(=O)(=O)[O-]
ibt,KQNPFQTWMSNSAP-UHFFFAOYSA-M,CC(C)C(=O)[O-]
metox__R,NA,noinchikey_inpubchem
ppi,XPPKVPWEQAFLFU-UHFFFAOYSA-K,OP(=O)([O-])OP(=O)([O-])[O-]
xtp,CAEFEWVYEZABLA-UUOKFMHZSA-J,C1=NC2=C(N1C3C(C(C(O3)COP(=O)([O-])OP(=O)([O-])OP(=O)([O-])[O-])O)O)NC(=O)NC2=O
athr__L,AYFVYJQAPQTCCC-HRFVKAFMSA-N,CC(C(C(=O)O)N)O
indpyr,RSTKLPZEZYGQPY-UHFFFAOYSA-M,C1=CC=C2C(=C1)C(=CN2)CC(=O)C(=O)[O-]
uLa4fn,YYVYMEXYAGAGTM-MOVGJWTDSA-M,CC(=CCCC(=CCCC(=CCCC(=CCCC(=CCCC(=CCCC(=CCCC(=CCCC(=CCCC(=CCCC(=CCOP(=O)([O-])OC1C(C(C(CO1)(C=O)N)O)O)C)C)C)C)C)C)C)C)C)C)C
hcys__L,FFFHZYDWPBMWHY-UHFFFAOYSA-N,C(CS)C(C(=O)O)N
acgam1p,FZLJPEPAYPUMMR-RTRLPJTCSA-L,noinchikey_inpubchem
cbasp,HLKXYZVTANABHZ-REOHCLBHSA-L,C(C(C(=O)[O-])NC(=O)N)C(=O)[O-]
4ampm,SSWDVESQMBHOQT-UHFFFAOYSA-N,noinchikey_inpubchem
anth,RWZYAGGXGHYGMB-UHFFFAOYSA-M,C1=CC=C(C(=C1)C(=O)[O-])N
cdec3eACP,NA,noinchikey_inpubchem
fprica,ABCOOORLYAOBOZ-KQYNXXCUSA-L,C1=NC(=C(N1C2C(C(C(O2)COP(=O)([O-])[O-])O)O)NC=O)C(=O)N
glycogen,NA,noinchikey_inpubchem
no3,NHNBFGGVMKEFGY-UHFFFAOYSA-N,[N+](=O)([O-])[O-]
pa181,NA,noinchikey_inpubchem
mql6,ZVENTDGZQVBWNA-RCIYGOBDSA-N,CC1=C(C2=CC=CC=C2C(=C1CC=C(C)CCC=C(C)CCC=C(C)CCC=C(C)CCC=C(C)CCC=C(C)C)O)O
4fe4s,LJBDFODJNLIPKO-UHFFFAOYSA-N,noinchikey_inpubchem
mobd,MEFBJEMVZONFCJ-UHFFFAOYSA-N,[O-][Mo](=O)(=O)[O-]
grdp,GVVPGTZRZFNKDS-JXMROGBWSA-K,CC(=CCCC(=CCOP(=O)([O-])OP(=O)([O-])[O-])C)C
5mdru1p,CNSJRYUMVMWNMC-RITPCOANSA-L,CSCC(C(C(=O)COP(=O)([O-])[O-])O)O
4mlacac,GACSIVHAIFQKTC-UPHRSURJSA-L,C(C(=O)CC(=O)[O-])C(=O)C=CC(=O)[O-]
dxyl5p,AJPADPZSRRUGHI-RFZPGFLSSA-L,CC(=O)C(C(COP(=O)([O-])[O-])O)O
akaclav,NA,noinchikey_inpubchem
14glucan,NA,noinchikey_inpubchem
gtca1_45_BS,NA,noinchikey_inpubchem
melib,DLRVVLDZNNYCBX-ZZFZYMBESA-N,C(C1C(C(C(C(O1)OCC2C(C(C(C(O2)O)O)O)O)O)O)O)O
acgam,OVRNDRQMDRJTHS-RTRLPJTCSA-N,CC(=O)NC1C(C(C(OC1O)CO)O)O
2mcacn,NUZLRKBHOBPTQV-ARJAWSKDSA-K,CC(=C(CC(=O)[O-])C(=O)[O-])C(=O)[O-]
prephthcoa,NA,noinchikey_inpubchem
cbi,XQRJFEVDQXEIAX-JFYQDRLCSA-M,noinchikey_inpubchem
fe3,VTLYFUHAOXGGBS-UHFFFAOYSA-N,[Fe+3]
thr__L,AYFVYJQAPQTCCC-GBXIJSLDSA-N,CC(C(C(=O)O)N)O
anhgm,NA,noinchikey_inpubchem
pgp141,NA,noinchikey_inpubchem
3hdecACP,NA,noinchikey_inpubchem
g3pe,JZNWSCPGTDBMEW-YFKPBYRVSA-N,C(COP(=O)(O)OCC(CO)O)N
vanlt,WKOLLVMJNQIZCI-UHFFFAOYSA-M,COC1=C(C=CC(=C1)C(=O)[O-])O
1odec11eg3p,NA,noinchikey_inpubchem
3hddcoa,IJFLXRCJWPKGKJ-LXIXEQKWSA-J,CCCCCCCCCC(CC(=O)SCCN=C(CCN=C(C(C(C)(C)COP(=O)(O)OP(=O)(O)OCC1C(C(C(O1)N2C=NC3=C(N=CN=C32)N)O)OP(=O)([O-])[O-])O)[O-])[O-])O
g3pi,BMVUIWJCUQSHLZ-UJGXJMNGSA-M,noinchikey_inpubchem
h2o2,MHAJPDPJQMAIIY-UHFFFAOYSA-N,OO
glu__L,WHUUTDBJXJRKMK-VKHMYHEASA-M,C(CC(=O)[O-])C(C(=O)[O-])[NH3+]
tyr__L,OUYCCCASQSFEME-QMMMGPOBSA-N,C1=CC(=CC=C1CC(C(=O)O)N)O
lipo4_24_BS,NA,noinchikey_inpubchem
4abut,BTCSSZJGUNDROE-UHFFFAOYSA-N,C(CC(=O)O)CN
anhm,NA,noinchikey_inpubchem
2agpe160,CKPBBEOJHAPPBT-HXUWFJFHSA-N,CCCCCCCCCCCCCCCC(=O)OC(CO)COP(=O)(O)OCCN
chol,OEYIOHPDSNJKLS-UHFFFAOYSA-N,C[N+](C)(C)CCO
murein5px4p,NQXCJQVWBSGGNW-UHFFFAOYSA-E,noinchikey_inpubchem
pe141,NA,noinchikey_inpubchem
fldox,NA,noinchikey_inpubchem
aacald,LYIIBVSRGJSHAV-UHFFFAOYSA-O,C(C=O)[NH3+]
citr__L,RHGKLRLOHDJJDR-BYPYZUCNSA-N,C(CC(C(=O)O)N)CNC(=O)N
3hodcoa,WZMAIEGYXCOYSH-SFKGBVSGSA-J,CCCCCCCCCCCCCCCC(CC(=O)SCCNC(=O)CCNC(=O)C(C(C)(C)COP(=O)([O-])OP(=O)([O-])OCC1C(C(C(O1)N2C=NC3=C(N=CN=C32)N)O)OP(=O)([O-])[O-])O)O
2dda7p,PJWIPEXIFFQAQZ-PUFIMZNGSA-K,C(C(C(C(COP(=O)([O-])[O-])O)O)O)C(=O)C(=O)[O-]
dtdp,UJLXYODCHAELLY-XLPZGREQSA-K,CC1=CN(C(=O)NC1=O)C2CC(C(O2)COP(=O)([O-])OP(=O)([O-])[O-])O
fadh2,YPZRHBJKEMOYQH-UYBVJOGSSA-L,CC1=CC2=C(C=C1C)N(C3=C(N2)C(=O)NC(=O)N3)CC(C(C(COP(=O)([O-])OP(=O)([O-])OCC4C(C(C(O4)N5C=NC6=C(N=CN=C65)N)O)O)O)O)O
starch,NA,noinchikey_inpubchem
argsuc,KDZOASGQNOPSCU-ZBHICJROSA-M,C(CC(C(=O)[O-])[NH3+])C[NH+]=C(N)NC(CC(=O)[O-])C(=O)[O-]
for,BDAGIHXWWSANSR-UHFFFAOYSA-M,C(=O)[O-]
indole,SIKJAQJRHWYJAI-UHFFFAOYSA-N,C1=CC=C2C(=C1)C=CN2
amp,UDMBCSSLTHHNCD-KQYNXXCUSA-L,C1=NC(=C2C(=N1)N(C=N2)C3C(C(C(O3)COP(=O)([O-])[O-])O)O)N
glyc,PEDCQBHIVMGVHV-UHFFFAOYSA-N,C(C(CO)O)O
Nforglu,ADZLWSMFHHHOBV-BYPYZUCNSA-L,C(CC(=O)[O-])C(C(=O)[O-])NC=O
iscu_2fe2s2,NA,noinchikey_inpubchem
eig3p,HFYBTHCYPKEDQQ-RITPCOANSA-L,C1=C(NC=N1)C(C(COP(=O)([O-])[O-])O)O
fa6,NA,noinchikey_inpubchem
glucys,RITKHVBHSGLULN-WHFBIAKZSA-M,C(CC(=O)NC(CS)C(=O)[O-])C(C(=O)[O-])[NH3+]
cdhxfut,BAUPPZJHTWBQAS-ZZWXXDIBSA-M,C1CC2(C(C(C(O2)O)O)O)C3=C(C1=O)C=C(C=C3)C(=O)[O-]
micit,HHKPKXCSHMJWCF-WVBDSBKLSA-K,CC(C(CC(=O)[O-])C(=O)[O-])(C(=O)[O-])O
uaccg,BEGZZYPUNCJHKP-DBYWSUQTSA-K,CC(=O)NC1C(C(C(OC1OP(=O)([O-])OP(=O)([O-])OCC2C(C(C(O2)N3C=CC(=O)NC3=O)O)O)CO)O)OC(=C)C(=O)[O-]
cysth__L,ILRYLPWNYFXEMH-WHFBIAKZSA-N,C(CSCC(C(=O)O)N)C(C(=O)O)N
LalaDgluMdapDala,BAPAFFOXTCMVCC-UHFFFAOYSA-M,noinchikey_inpubchem
3amac,YTLYLLTVENPWFT-UPHRSURJSA-M,C(=CN)C(=O)[O-]
3c2hmp,RNQHMTFBUSSBJQ-CRCLSJGQSA-L,CC(C)C(C(C(=O)[O-])O)C(=O)[O-]
dhf,OZRNSSUDZOLUSN-LBPRGKRZSA-L,C1C(=NC2=C(N1)NC(=NC2=O)N)CNC3=CC=C(C=C3)C(=O)NC(CCC(=O)[O-])C(=O)[O-]
5mta,WUUGFSXJNOTRMR-IOSLPCCCSA-N,CSCC1C(C(C(O1)N2C=NC3=C(N=CN=C32)N)O)O
rephaccoa,NA,noinchikey_inpubchem
3ocpalm9eACP,NA,noinchikey_inpubchem
salchs4fe,NA,noinchikey_inpubchem
pydxn,LXNHXLLTXMVWPM-UHFFFAOYSA-N,CC1=NC=C(C(=C1O)CO)CO
pg160,BIABMEZBCHDPBV-MPQUPPDSSA-M,CCCCCCCCCCCCCCCC(=O)OCC(COP(=O)([O-])OCC(CO)O)OC(=O)CCCCCCCCCCCCCCC
uacgam,LFTYTUAZOPRMMI-CFRASDGPSA-L,CC(=O)NC1C(C(C(OC1OP(=O)([O-])OP(=O)([O-])OCC2C(C(C(O2)N3C=CC(=O)NC3=O)O)O)CO)O)O
sufbcd,NA,noinchikey_inpubchem
ocdcap,NA,noinchikey_inpubchem
2pg,GXIURPTVHJPJLF-UWTATZPHSA-K,C(C(C(=O)[O-])OP(=O)([O-])[O-])O
glu5p,PJRXVIJAERNUIP-VKHMYHEASA-L,C(CC(=O)OP(=O)([O-])[O-])C(C(=O)[O-])[NH3+]
12dgr181,NA,noinchikey_inpubchem
amacald,LYIIBVSRGJSHAV-UHFFFAOYSA-O,C(C=O)[NH3+]
murein5p3p,SBOXLYQXPDGZLN-UHFFFAOYSA-G,noinchikey_inpubchem
fldrd,NA,noinchikey_inpubchem
gdp,QGWNDRXFNXRZMB-UUOKFMHZSA-K,C1=NC2=C(N1C3C(C(C(O3)COP(=O)([O-])OP(=O)([O-])[O-])O)O)NC(=NC2=O)N
aspsa,HOSWPDPVFBCLSY-VKHMYHEASA-N,C(C=O)C(C(=O)O)N
dtmp,GYOZYWVXFNDGLU-XLPZGREQSA-L,CC1=CN(C(=O)NC1=O)C2CC(C(O2)COP(=O)([O-])[O-])O
arach,VKOBVWXKNCXXDE-UHFFFAOYSA-M,CCCCCCCCCCCCCCCCCCCC(=O)[O-]
iscu_4fe4s,NA,noinchikey_inpubchem
halclav,NA,noinchikey_inpubchem
ppal,NBBJYMSMWIIQGU-UHFFFAOYSA-N,CCC=O
cdcs,NA,noinchikey_inpubchem
3hhcoa,VAAHKRMGOFIORX-IKTBLOROSA-J,CCCC(CC(=O)SCCNC(=O)CCNC(=O)C(C(C)(C)COP(=O)([O-])OP(=O)([O-])OCC1C(C(C(O1)N2C=NC3=C(N=CN=C32)N)O)OP(=O)([O-])[O-])O)O
gthox,YPZRWBKMTBYPTK-BJDJZHNGSA-L,C(CC(=O)NC(CSSCC(C(=O)NCC(=O)[O-])NC(=O)CCC(C(=O)[O-])[NH3+])C(=O)NCC(=O)[O-])C(C(=O)[O-])[NH3+]
uracp,AJFKXWQDHFYKFK-UPHRSURJSA-N,C(=CNC(=O)N)C(=O)OO
24dhhed,APNIDHDQYISZAE-HYXAFXHYSA-L,C(CC(=O)[O-])C(C=C(C(=O)[O-])O)O
3hmbcoa,PEKYNTFSOBAABV-LQUDNSJZSA-J,CC(C(C)O)C(=O)SCCNC(=O)CCNC(=O)C(C(C)(C)COP(=O)([O-])OP(=O)([O-])OCC1C(C(C(O1)N2C=NC3=C(N=CN=C32)N)O)OP(=O)([O-])[O-])O
lipidAn,NA,noinchikey_inpubchem
3php,LFLUCDOSQPJJBE-UHFFFAOYSA-K,C(C(=O)C(=O)[O-])OP(=O)([O-])[O-]
hexACP,NA,noinchikey_inpubchem
h2s,RWSOTUBLDIXVET-UHFFFAOYSA-M,[SH-]
cu,VMQMZMRVKUZKQL-UHFFFAOYSA-N,[Cu+]
4izp,MYNHYKDPSRPBNZ-UHFFFAOYSA-N,noinchikey_inpubchem
chor,WTFXTQVDAKGDEY-HTQZYQBOSA-L,C=C(C(=O)[O-])OC1C=C(C=CC1O)C(=O)[O-]
dclavam,NA,noinchikey_inpubchem
g1p,HXXFSFRBOHSIMQ-GASJEMHNSA-L,C(C1C(C(C(C(O1)OP(=O)([O-])[O-])O)O)O)O
cdpabeq,JHEDABDMLBOYRG-YGBYUOMUSA-L,CC1C(CC(C(O1)OP(=O)([O-])OP(=O)([O-])OCC2C(C(C(O2)N3C=CC(=NC3=O)N)O)O)O)O
4mcat,ZBCATMYQYDCTIZ-UHFFFAOYSA-N,CC1=CC(=C(C=C1)O)O
acetol,XLSMFKSTNGKWQX-UHFFFAOYSA-N,CC(=O)CO
tartr__D,FEWJPZIEWOKRBE-LWMBPPNESA-L,C(C(C(=O)[O-])O)(C(=O)[O-])O
fa12,NA,noinchikey_inpubchem
benzcoa,VEVJTUNLALKRNO-TYHXJLICSA-J,CC(C)(COP(=O)([O-])OP(=O)([O-])OCC1C(C(C(O1)N2C=NC3=C(N=CN=C32)N)O)OP(=O)([O-])[O-])C(C(=O)NCCC(=O)NCCSC(=O)C4=CC=CC=C4)O
5apentam,OTIAVLWNTIXJDO-UHFFFAOYSA-O,C(CC[NH3+])CC(=O)N
2ddg6p,OVPRPPOVAXRCED-WVZVXSGGSA-K,C(C(C(COP(=O)([O-])[O-])O)O)C(=O)C(=O)[O-]
dmlz,SXDXRJZUAJBNFL-XKSSXDPKSA-M,CC1=C(N(C2=NC(=NC(=O)C2=N1)[O-])CC(C(C(CO)O)O)O)C
mssg,NA,noinchikey_inpubchem
t3c7mrseACP,NA,noinchikey_inpubchem
4abutn,DZQLQEYLEYWJIB-UHFFFAOYSA-O,C(CC=O)C[NH3+]
na1,FKNQFGJONOIPTF-UHFFFAOYSA-N,[Na+]
hdd2coa,JUPAQFRKPHPXLD-MSHHSVQMSA-J,CCCCCCCCCCCCCC=CC(=O)SCCN=C(CCN=C(C(C(C)(C)COP(=O)(O)OP(=O)(O)OCC1C(C(C(O1)N2C=NC3=C(N=CN=C32)N)O)OP(=O)([O-])[O-])O)[O-])[O-]
td2coa,MBCVYCOKMMMWLX-YYMFEJJQSA-J,CCCCCCCCCCCC=CC(=O)SCCN=C(CCN=C(C(C(C)(C)COP(=O)(O)OP(=O)(O)OCC1C(C(C(O1)N2C=NC3=C(N=CN=C32)N)O)OP(=O)([O-])[O-])O)[O-])[O-]
arg__L,ODKSFYDXXFIFQN-BYPYZUCNSA-O,C(CC(C(=O)[O-])[NH3+])C[NH+]=C(N)N
fdxrd,NA,noinchikey_inpubchem
anhm3p,KGVLFEPQSVUIRC-FYQNUYSYSA-L,CC(C(=O)NC(CCC(=O)[O-])C(=O)NC(CCCC(C(=O)[O-])[NH3+])C(=O)[O-])NC(=O)C(C)OC1C(COC(C1O)CO)NC(=O)C
ugmda,IMWOXEZVYQDRDF-MCZXNMLPSA-J,CC(C(=O)NC(CCC(=O)NC(CCCC(C(=O)[O-])[NH3+])C(=O)NC(C)C(=O)NC(C)C(=O)[O-])C(=O)[O-])NC(=O)C(C)OC1C(C(OC(C1O)CO)OP(=O)([O-])OP(=O)([O-])OCC2C(C(C(O2)N3C=CC(=O)NC3=O)O)O)NC(=O)C
g3pc,SUHOQUVVVLNYQR-MRVPVSSYSA-N,C[N+](C)(C)CCOP(=O)([O-])OCC(CO)O
fa1coa,NA,noinchikey_inpubchem
cmp,IERHLVCPSMICTF-XVFCMESISA-L,C1=CN(C(=O)N=C1N)C2C(C(C(O2)COP(=O)([O-])[O-])O)O
scys__L,NOKPBJYHPHHWAN-REOHCLBHSA-M,C(C(C(=O)O)N)SS(=O)(=O)[O-]
dimp,PHNGFPPXDJJADG-RRKCRQDMSA-L,C1C(C(OC1N2C=NC3=C2NC=NC3=O)COP(=O)([O-])[O-])O
gdpmann,MVMSCBBUIHUTGJ-GDJBGNAASA-L,C1=NC2=C(N1C3C(C(C(O3)COP(=O)([O-])OP(=O)([O-])OC4C(C(C(C(O4)CO)O)O)O)O)O)NC(=NC2=O)N
kdo8p,IZZNRKJLBIYBJN-HXUQBWEZSA-K,C1C(C(C(OC1(C(=O)[O-])O)C(COP(=O)([O-])[O-])O)O)O
cyst__L,ILRYLPWNYFXEMH-WHFBIAKZSA-N,C(CSCC(C(=O)O)N)C(C(=O)O)N
hmgth,PIUSLWSYOYFRFR-BQBZGAKWSA-M,C(CC(=O)NC(CSCO)C(=O)NCC(=O)[O-])C(C(=O)[O-])[NH3+]
istnt,SUMDYPCJJOFFON-UHFFFAOYSA-M,C(CS(=O)(=O)[O-])O
glcr,DSLZVSRJTYRBFB-LLEIAEIESA-L,C(C(C(C(=O)[O-])O)O)(C(C(=O)[O-])O)O
clavam,NA,noinchikey_inpubchem
pqh2,NA,noinchikey_inpubchem
dhap,GNGACRATGGDKBX-UHFFFAOYSA-L,C(C(=O)COP(=O)([O-])[O-])O
dgmp,LTFMZDNNPPEQNG-KVQBGUIXSA-L,C1C(C(OC1N2C=NC3=C2NC(=NC3=O)N)COP(=O)([O-])[O-])O
mql8,OIEZRVBFVPGODT-WQWYCSGDSA-N,CC1=C(C2=CC=CC=C2C(=C1CC=C(C)CCC=C(C)CCC=C(C)CCC=C(C)CCC=C(C)CCC=C(C)CCC=C(C)CCC=C(C)C)O)O
iasp,NMUOATVLLQEYHI-UHFFFAOYSA-M,C(C(=N)C(=O)O)C(=O)[O-]
sucsal,UIUJIQZEACWQSV-UHFFFAOYSA-M,C(CC(=O)[O-])C=O
maltpt,FTNIPWXXIGNQQF-DWTFCAFKSA-N,C(C1C(C(C(C(O1)OC2C(OC(C(C2O)O)OC3C(OC(C(C3O)O)OC4C(OC(C(C4O)O)OC5C(OC(C(C5O)O)O)CO)CO)CO)CO)O)O)O)O
cbp,FFQKYPRQEYGKAF-UHFFFAOYSA-L,C(=O)(N)OP(=O)([O-])[O-]
2me4p,XMWHRVNVKDKBRG-UHNVWZDZSA-L,CC(CO)(C(COP(=O)([O-])[O-])O)O
inost,CDAISMWEOUEBRE-GPIVLXJGSA-N,noinchikey_inpubchem
galur,AEMOLEFTQBMNLQ-YMDCURPLSA-M,C1(C(C(OC(C1O)O)C(=O)[O-])O)O
imacp,YCFFMSOLUMRAMD-UHFFFAOYSA-L,C1=C(NC=N1)CC(=O)COP(=O)([O-])[O-]
meoh,OKKJLVBELUTLKV-UHFFFAOYSA-N,CO
skm,JXOHGGNKMLTUBP-HSUXUTPPSA-M,C1C(C(C(C=C1C(=O)[O-])O)O)O
gtca3_45_BS,NA,noinchikey_inpubchem
hmccms,ADNFTGVUUFRKSK-JGDUWUCISA-M,noinchikey_inpubchem
3ohodcoa,LGOGWHDPDVAUNY-LFZQUHGESA-J,CCCCCCCCCCCCCCCC(=O)CC(=O)SCCNC(=O)CCNC(=O)C(C(C)(C)COP(=O)([O-])OP(=O)([O-])OCC1C(C(C(O1)N2C=NC3=C(N=CN=C32)N)O)OP(=O)([O-])[O-])O
3ocmrs7eACP,NA,noinchikey_inpubchem
2dmmql8,FGYPGICSXJEKCG-AENDIINCSA-N,CC(=CCCC(=CCCC(=CCCC(=CCCC(=CCCC(=CCCC(=CCCC(=CCC1=C(C2=CC=CC=C2C(=C1)O)O)C)C)C)C)C)C)C)C
phaccoa,ZIGIFDRJFZYEEQ-CECATXLMSA-J,CC(C)(COP(=O)([O-])OP(=O)([O-])OCC1C(C(C(O1)N2C=NC3=C(N=CN=C32)N)O)OP(=O)([O-])[O-])C(C(=O)NCCC(=O)NCCSC(=O)CC4=CC=CC=C4)O
5dglcn,IZSRJDGCGRAUAR-MROZADKFSA-M,C(C(=O)C(C(C(C(=O)[O-])O)O)O)O
pap,WHTCPDAXWFLDIH-KQYNXXCUSA-J,C1=NC(=C2C(=N1)N(C=N2)C3C(C(C(O3)COP(=O)([O-])[O-])OP(=O)([O-])[O-])O)N
ribflv,AUNGANRZJHBGPY-SCRDCRAPSA-M,CC1=CC2=C(C=C1C)N(C3=NC(=NC(=O)C3=N2)[O-])CC(C(C(CO)O)O)O
2dr1p,KBDKAJNTYKVSEK-VPENINKCSA-L,C1C(C(OC1OP(=O)([O-])[O-])CO)O
23dhmp,PDGXJDXVGMHUIR-UJURSFKZSA-M,CCC(C)(C(C(=O)[O-])O)O
6pgl,IJOJIVNDFQSGAB-SQOUGZDYSA-L,C(C1C(C(C(C(=O)O1)O)O)O)OP(=O)([O-])[O-]
udpLa4o,URJZIQLTPCJVMW-QNSCKLTRSA-L,C1C(=O)C(C(C(O1)OP(=O)([O-])OP(=O)([O-])OCC2C(C(C(O2)N3C=CC(=O)NC3=O)O)O)O)O
fdp,RNBGYGVWRKECFJ-VRPWFDPXSA-J,C(C1C(C(C(O1)(COP(=O)([O-])[O-])O)O)O)OP(=O)([O-])[O-]
malt6p,ITPHOIFCAFNCLL-ASMJPISFSA-L,C(C1C(C(C(C(O1)O)O)O)OC2C(C(C(C(O2)COP(=O)([O-])[O-])O)O)O)O
pgp160,ONJBJMDJKLHMEK-MPQUPPDSSA-K,CCCCCCCCCCCCCCCC(=O)OCC(COP(=O)([O-])OCC(COP(=O)([O-])[O-])O)OC(=O)CCCCCCCCCCCCCCC
um4p,NA,noinchikey_inpubchem
3hhexACP,NA,noinchikey_inpubchem
kdolipid4n,NA,noinchikey_inpubchem
fdxo_42,NA,noinchikey_inpubchem
23dhacoa,ZFXICKRXPZTFPB-FZHFFJAKSA-I,CC(C)(COP(=O)([O-])OP(=O)([O-])OCC1C(C(C(O1)N2C=NC3=C(N=CN=C32)N)O)OP(=O)([O-])[O-])C(C(=O)NCCC(=O)NCCSC(=O)C=CCCC(=O)[O-])O
utp,PGAVKCOVUIYSFO-XVFCMESISA-J,C1=CN(C(=O)NC1=O)C2C(C(C(O2)COP(=O)([O-])OP(=O)([O-])OP(=O)([O-])[O-])O)O
xtsn,UBORTCNDUKBEOP-UUOKFMHZSA-N,C1=NC2=C(N1C3C(C(C(O3)CO)O)O)NC(=O)NC2=O
lys__L,KDXKERNSBIXSRK-YFKPBYRVSA-O,C(CC[NH3+])CC(C(=O)O)N
12dgr140,NA,noinchikey_inpubchem
cdpdhdec9eg,LBKBJHVQQNUXGQ-BQUKFSKHSA-L,noinchikey_inpubchem
pe161,NA,noinchikey_inpubchem
so3,LSNNMFCWUKXFEE-UHFFFAOYSA-L,[O-]S(=O)[O-]
3ooctdACP,NA,noinchikey_inpubchem
mqn6,PFRQBZFETXBLTP-RCIYGOBDSA-N,CC1=C(C(=O)C2=CC=CC=C2C1=O)CC=C(C)CCC=C(C)CCC=C(C)CCC=C(C)CCC=C(C)CCC=C(C)C
raffin,MUPFEKGTMRGPLJ-ZQSKZDJDSA-N,C(C1C(C(C(C(O1)OCC2C(C(C(C(O2)OC3(C(C(C(O3)CO)O)O)CO)O)O)O)O)O)O)O
2mp2coa,NPALUEYCDZWBOV-NDZSKPAWSA-J,CC(=C)C(=O)SCCNC(=O)CCNC(=O)C(C(C)(C)COP(=O)([O-])OP(=O)([O-])OCC1C(C(C(O1)N2C=NC3=C(N=CN=C32)N)O)OP(=O)([O-])[O-])O
L2aadp,OYIFNHCXNCRBQI-BYPYZUCNSA-M,C(CC(C(=O)[O-])[NH3+])CC(=O)[O-]
3hoctaACP,NA,noinchikey_inpubchem
nad,BAWFJGJZGIEFAR-NNYOXOHSSA-M,C1=CC(=C[N+](=C1)C2C(C(C(O2)COP(=O)([O-])OP(=O)([O-])OCC3C(C(C(O3)N4C=NC5=C(N=CN=C54)N)O)O)O)O)C(=O)N
h2mb4p,MDSIZRKJVDMQOQ-GORDUTHDSA-K,CC(=CCOP(=O)([O-])OP(=O)([O-])[O-])CO
4per,ZCZXOHUILRHRQJ-PWNYCUMCSA-K,C(C(C(C(=O)[O-])O)O)OP(=O)([O-])[O-]
pa161,NA,noinchikey_inpubchem
phom,FXDNYOANAXWZHG-VKHMYHEASA-L,C(COP(=O)([O-])[O-])C(C(=O)[O-])[NH3+]
5odhf2a,ZPEHSARSWGDCEX-UHFFFAOYSA-M,C1C=C(OC1=O)CC(=O)[O-]
no2,IOVCWXUNBOPUCH-UHFFFAOYSA-M,N(=O)[O-]
12dgr_BS,NA,noinchikey_inpubchem
tdcoa,DUAFKXOFBZQTQE-QSGBVPJFSA-J,CCCCCCCCCCCCCC(=O)SCCNC(=O)CCNC(=O)C(C(C)(C)COP(=O)([O-])OP(=O)([O-])OCC1C(C(C(O1)N2C=NC3=C(N=CN=C32)N)O)OP(=O)([O-])[O-])O
man,WQZGKKKJIJFFOK-QTVWNMPRSA-N,C(C1C(C(C(C(O1)O)O)O)O)O
alpro,NA,noinchikey_inpubchem
drib,PDWIQYODPROSQH-PYHARJCCSA-N,C1C(C(OC1O)CO)O
leu__L,ROHFNLRQFUQHCH-YFKPBYRVSA-N,CC(C)CC(C(=O)O)N
acACP,NA,noinchikey_inpubchem
5cohe,NA,noinchikey_inpubchem
poaac,WQKGFGLGYOHJOG-UPHRSURJSA-N,C(=CN)C(=O)OO
tddec2eACP,NA,noinchikey_inpubchem
malthp,ZHZITDGOAFCURV-VVTKTIMZSA-N,C(C1C(C(C(C(O1)OC2C(OC(C(C2O)O)OC3C(OC(C(C3O)O)OC4C(OC(C(C4O)O)OC5C(OC(C(C5O)O)OC6C(OC(C(C6O)O)OC(C(CO)O)C(C(C=O)O)O)CO)CO)CO)CO)CO)O)O)O)O
ugmd,QUHLBZKCGUXHGP-AJVQVANPSA-J,CC(C(=O)NC(CCC(=O)NC(CCCC(C(=O)[O-])[NH3+])C(=O)[O-])C(=O)[O-])NC(=O)C(C)OC1C(C(OC(C1O)CO)OP(=O)([O-])OP(=O)([O-])OCC2C(C(C(O2)N3C=CC(=O)NC3=O)O)O)NC(=O)C
itp,HAEJPQIATWHALX-KQYNXXCUSA-J,C1=NC(=O)C2=C(N1)N(C=N2)C3C(C(C(O3)COP(=O)([O-])OP(=O)([O-])OP(=O)([O-])[O-])O)O
5g2oxpt,ARBHXJXXVVHMET-UHFFFAOYSA-N,C(CC(=O)C(=O)O)CN=C(N)N
udpglcur,HDYANYHVCAPMJV-LXQIFKJMSA-K,C1=CN(C(=O)NC1=O)C2C(C(C(O2)COP(=O)([O-])OP(=O)([O-])OC3C(C(C(C(O3)C(=O)[O-])O)O)O)O)O
mptamp,XJXFAXLUOKQPAQ-YPRLVJTJSA-K,C1=NC(=C2C(=N1)N(C=N2)C3C(C(C(O3)COP(=O)([O-])OP(=O)([O-])OCC4C(=C(C5C(O4)NC6=C(N5)C(=O)N=C(N6)N)[S-])S)O)O)N
xyl__D,SRBFZHDQGSBBOR-IOVATXLUSA-N,C1C(C(C(C(O1)O)O)O)O
dcdp,FTDHDKPUHBLBTL-SHYZEUOFSA-K,C1C(C(OC1N2C=CC(=NC2=O)N)COP(=O)([O-])OP(=O)([O-])[O-])O
uacmam,LFTYTUAZOPRMMI-ZYQOOJPVSA-L,CC(=O)NC1C(C(C(OC1OP(=O)([O-])OP(=O)([O-])OCC2C(C(C(O2)N3C=CC(=O)NC3=O)O)O)CO)O)O
3ig3p,NQEQTYPJSIEPHW-MNOVXSKESA-L,C1=CC=C2C(=C1)C(=CN2)C(C(COP(=O)([O-])[O-])O)O
dutp,AHCYMLUZIRLXAA-SHYZEUOFSA-J,C1C(C(OC1N2C=CC(=O)NC2=O)COP(=O)([O-])OP(=O)([O-])OP(=O)([O-])[O-])O
stcoa,SIARJEKBADXQJG-LFZQUHGESA-J,CCCCCCCCCCCCCCCCCC(=O)SCCNC(=O)CCNC(=O)C(C(C)(C)COP(=O)([O-])OP(=O)([O-])OCC1C(C(C(O1)N2C=NC3=C(N=CN=C32)N)O)OP(=O)([O-])[O-])O
anhgm4p,ZTOWCORYLXDAAW-JOUWMGDHSA-L,noinchikey_inpubchem
25drapp,OCLCLRXKNJCOJD-UMMCILCDSA-L,C(C1C(C(C(O1)NC2=C(C(=O)N=C(N2)N)N)O)O)OP(=O)([O-])[O-]
dudp,QHWZTVCCBMIIKE-SHYZEUOFSA-K,C1C(C(OC1N2C=CC(=O)NC2=O)COP(=O)([O-])OP(=O)([O-])[O-])O
tdeACP,NA,noinchikey_inpubchem
pnto__R,GHOKWGTUZJEAQD-ZETCQYMHSA-M,CC(C)(CO)C(C(=O)NCCC(=O)[O-])O
ocACP,NA,noinchikey_inpubchem
gtp,XKMLYUALXHKNFT-UUOKFMHZSA-J,C1=NC2=C(N1C3C(C(C(O3)COP(=O)([O-])OP(=O)([O-])OP(=O)([O-])[O-])O)O)NC(=NC2=O)N
pe120,NA,noinchikey_inpubchem
acg5p,FCVIHFVSXHOPSW-YFKPBYRVSA-K,CC(=O)NC(CCC(=O)OP(=O)([O-])[O-])C(=O)[O-]
2pglyc,ASCFNMCAHFUBCO-UHFFFAOYSA-K,C(C(=O)[O-])OP(=O)([O-])[O-]
msa,OAKURXIZZOAYBC-UHFFFAOYSA-M,C(C=O)C(=O)[O-]
succoa,VNOYUJKHFWYWIR-ITIYDSSPSA-I,CC(C)(COP(=O)([O-])OP(=O)([O-])OCC1C(C(C(O1)N2C=NC3=C(N=CN=C32)N)O)OP(=O)([O-])[O-])C(C(=O)NCCC(=O)NCCSC(=O)CCC(=O)[O-])O
2agpg180,ZYKIFISVQNGKFE-UHFFFAOYSA-M,CCCCCCCCCCCCCCCCCC(=O)OC(CO)COP(=O)([O-])OCC(CO)O
acac,WDJHALXBUFZDSR-UHFFFAOYSA-M,CC(=O)CC(=O)[O-]
2dhp,PKVVTUWHANFMQC-UHFFFAOYSA-M,CC(C)(CO)C(=O)C(=O)[O-]
motre,NA,noinchikey_inpubchem
fgam,VDXLUNDMVKSKHO-ZRTZXPPTSA-L,C(C1C(C(C(O1)NC(=O)CNC=O)O)O)OP(=O)([O-])[O-]
Ncbmpts,YANFYYGANIYHGI-UHFFFAOYSA-O,C(CCNC(=O)N)C[NH3+]
3pg,OSJPPGNTCRNQQC-UWTATZPHSA-K,C(C(C(=O)[O-])O)OP(=O)([O-])[O-]
fa6coa,NA,noinchikey_inpubchem
6hmhpt,CQQNNQTXUGLUEV-UHFFFAOYSA-N,C1C(=NC2=C(N1)NC(=NC2=O)N)CO
thex2eACP,NA,noinchikey_inpubchem
acglu,RFMMMVDNIPUKGG-YFKPBYRVSA-L,CC(=O)NC(CCC(=O)[O-])C(=O)[O-]
2amsa,XMTCKNXTTXDPJX-REOHCLBHSA-N,C(=O)C(C(=O)O)N
3hcddec5eACP,NA,noinchikey_inpubchem
4ahmmp,VUTBELPREDJDDH-UHFFFAOYSA-N,CC1=NC=C(C(=N1)N)CO
pe181,NA,noinchikey_inpubchem
2agpg120,NA,noinchikey_inpubchem
2maacoa,NHNODHRSCRALBF-NQNBQJKNSA-J,CC(C(=O)C)C(=O)SCCNC(=O)CCNC(=O)C(C(C)(C)COP(=O)([O-])OP(=O)([O-])OCC1C(C(C(O1)N2C=NC3=C(N=CN=C32)N)O)OP(=O)([O-])[O-])O
trdrd,NA,noinchikey_inpubchem
accoa,ZSLZBFCDCINBPY-ZSJPKINUSA-J,CC(=O)SCCNC(=O)CCNC(=O)C(C(C)(C)COP(=O)([O-])OP(=O)([O-])OCC1C(C(C(O1)N2C=NC3=C(N=CN=C32)N)O)OP(=O)([O-])[O-])O
mpt,HPEUEJRPDGMIMY-IFQPEPLCSA-K,C(C1C(=C(C2C(O1)NC3=C(N2)C(=O)N=C(N3)N)[S-])S)OP(=O)([O-])[O-]
2h3opp,QWBAFPFNGRFSFB-UHFFFAOYSA-M,C(=O)C(C(=O)[O-])O
glutcoa,SYKWLIJQEHRDNH-CKRMAKSASA-I,CC(C)(COP(=O)([O-])OP(=O)([O-])OCC1C(C(C(O1)N2C=NC3=C(N=CN=C32)N)O)OP(=O)([O-])[O-])C(C(=O)NCCC(=O)NCCSC(=O)CCCC(=O)[O-])O
ni2,VEQPNABPJHWNSG-UHFFFAOYSA-N,[Ni+2]
3oddecACP,NA,noinchikey_inpubchem
igam,NA,noinchikey_inpubchem
3odcoa,AZCVXMAPLHSIKY-HSJNEKGZSA-J,CCCCCCCC(=O)CC(=O)SCCNC(=O)CCNC(=O)C(C(C)(C)COP(=O)([O-])OP(=O)([O-])OCC1C(C(C(O1)N2C=NC3=C(N=CN=C32)N)O)OP(=O)([O-])[O-])O
pep,DTBNBXWJWCWCIK-UHFFFAOYSA-K,C=C(C(=O)[O-])OP(=O)([O-])[O-]
3ooctACP,NA,noinchikey_inpubchem
hdcea,NA,noinchikey_inpubchem
acysbmn,NA,noinchikey_inpubchem
datp,SUYVUBYJARFZHO-RRKCRQDMSA-J,C1C(C(OC1N2C=NC3=C(N=CN=C32)N)COP(=O)([O-])OP(=O)([O-])OP(=O)([O-])[O-])O
4c2me,YFAUKWZNPVBCFF-XHIBXCGHSA-L,CC(CO)(C(COP(=O)([O-])OP(=O)([O-])OCC1C(C(C(O1)N2C=CC(=NC2=O)N)O)O)O)O
qh2,NA,noinchikey_inpubchem
23dhbzs,VDTYHTVHFIIEIL-LURJTMIESA-M,C1=CC(=C(C(=C1)O)O)C(=O)NC(CO)C(=O)[O-]
4mop,BKAJNAXTPSGJCU-UHFFFAOYSA-M,CC(C)CC(=O)C(=O)[O-]
ccmuac,TXXHDPDFNKHHGW-CCAGOZQPSA-L,C(=CC(=O)[O-])C=CC(=O)[O-]
suchms,GNISQJGXJIDKDJ-YFKPBYRVSA-M,C(COC(=O)CCC(=O)[O-])C(C(=O)[O-])[NH3+]
2aobut,SAUCHDKDCUROAO-VKHMYHEASA-N,CC(=O)C(C(=O)O)N
tdecoa,NA,noinchikey_inpubchem
lipo1_24_BS,NA,noinchikey_inpubchem
rbflvrd,SGSVWAYHEWEQET-SCRDCRAPSA-N,CC1=CC2=C(C=C1C)N(C3=C(N2)C(=O)NC(=O)N3)CC(C(C(CO)O)O)O
tagdp__D,RNBGYGVWRKECFJ-OEXCPVAWSA-J,C(C1C(C(C(O1)(COP(=O)([O-])[O-])O)O)O)OP(=O)([O-])[O-]
3mob,QHKABHOOEWYVLI-UHFFFAOYSA-M,CC(C)C(=O)C(=O)[O-]
2agpe180,KIHAGWUUUHJRMS-JOCHJYFZSA-N,CCCCCCCCCCCCCCCCCC(=O)OC(CO)COP(=O)(O)OCCN
sl26da,GLXUWZBUPATPBR-BQBZGAKWSA-L,C(CC(C(=O)[O-])[NH3+])CC(C(=O)[O-])NC(=O)CCC(=O)[O-]
ump,DJJCXFVJDGTHFX-XVFCMESISA-L,C1=CN(C(=O)NC1=O)C2C(C(C(O2)COP(=O)([O-])[O-])O)O
2ahbut,VUQLHQFKACOHNZ-LURJTMIESA-M,CCC(C(=O)C)(C(=O)[O-])O
urdglyc,NWZYYCVIOKVTII-SFOWXEAESA-M,C(C(=O)[O-])(NC(=O)N)O
ocdcaACP,NA,noinchikey_inpubchem
bmocogdp,NA,noinchikey_inpubchem
dhpppn,QZDSXQJWBGMRLU-UHFFFAOYSA-M,C1=CC(=C(C(=C1)O)O)CCC(=O)[O-]
gpca,NA,noinchikey_inpubchem
damp,KHWCHTKSEGGWEX-RRKCRQDMSA-L,C1C(C(OC1N2C=NC3=C(N=CN=C32)N)COP(=O)([O-])[O-])O
hxal,JARKCYVAAOWBJS-UHFFFAOYSA-N,CCCCCC=O
dcyt,CKTSBUTUHBMZGZ-SHYZEUOFSA-N,C1C(C(OC1N2C=CC(=NC2=O)N)CO)O
2agpe161,NA,noinchikey_inpubchem
LalaLglu,VYZAGTDAHUIRQA-WHFBIAKZSA-M,CC(C(=O)NC(CCC(=O)[O-])C(=O)[O-])[NH3+]
23dhba,ULPVJDOMCRTJSN-RVXWVPLUSA-M,C1=CC(=C(C(=C1)O)O)C(=O)OP(=O)([O-])OCC2C(C(C(O2)N3C=NC4=C(N=CN=C43)N)O)O
12ppd__R,DNIAPMSPPWPWGF-GSVOUGTGSA-N,CC(CO)O
thdp,CXMBCXQHOXUCEO-BYPYZUCNSA-L,C1CC(N=C(C1)C(=O)[O-])C(=O)[O-]
acmum6p,NMEMTQKUEVNSPV-MKFCKLDKSA-K,CC(C(=O)[O-])OC1C(C(OC(C1O)COP(=O)([O-])[O-])O)NC(=O)C
2cpr5p,QKMBYNRMPRKVTO-MNOVXSKESA-K,C1=CC=C(C(=C1)C(=O)[O-])NCC(=O)C(C(COP(=O)([O-])[O-])O)O
op4en,NOXRYJAWRSNUJD-UHFFFAOYSA-M,C=CCC(=O)C(=O)[O-]
dtdp4d6dg,PSXWNITXWWECNY-UCBTUHGZSA-L,CC1C(=O)C(C(C(O1)OP(=O)([O-])OP(=O)([O-])OCC2C(CC(O2)N3C=C(C(=O)NC3=O)C)O)O)O
23dhmb,JTEYKUFKXGDTEU-VKHMYHEASA-M,CC(C)(C(C(=O)[O-])O)O
oxadpcoa,VKKKAAPGXHWXOO-BIEWRJSYSA-I,CC(C)(COP(=O)([O-])OP(=O)([O-])OCC1C(C(C(O1)N2C=NC3=C(N=CN=C32)N)O)OP(=O)([O-])[O-])C(C(=O)NCCC(=O)NCCSC(=O)CC(=O)CCC(=O)[O-])O
cdigmp,NA,noinchikey_inpubchem
fa11,NA,noinchikey_inpubchem
pg120,NA,noinchikey_inpubchem
3ohcoa,NFOYYXQAVVYWKV-HDRQGHTBSA-J,CCCC(=O)CC(=O)SCCNC(=O)CCNC(=O)C(C(C)(C)COP(=O)([O-])OP(=O)([O-])OCC1C(C(C(O1)N2C=NC3=C(N=CN=C32)N)O)OP(=O)([O-])[O-])O
ala_B,UCMIRNVEIXFBKS-UHFFFAOYSA-N,C(CN)C(=O)O
thf,MSTNYGQPCMXVAQ-RYUDHWBXSA-L,C1C(NC2=C(N1)NC(=NC2=O)N)CNC3=CC=C(C=C3)C(=O)NC(CCC(=O)[O-])C(=O)[O-]
g3pg,LLCSXHMJULHSJN-UHFFFAOYSA-M,C(C(COP(=O)([O-])OCC(CO)O)O)O
dcacoa,NA,noinchikey_inpubchem
sl2a6o,SDVXSCSNVVZWDD-LURJTMIESA-K,C(CC(C(=O)[O-])NC(=O)CCC(=O)[O-])CC(=O)C(=O)[O-]
4r5au,XKQZIXVJVUPORE-RPDRRWSUSA-N,C(C(C(C(CO)O)O)O)NC1=C(C(=O)NC(=O)N1)N
iscu_2fe2s,NA,noinchikey_inpubchem
acnam,SQVRNKJHWKZAKO-LUWBGTNYSA-M,CC(=O)NC1C(CC(OC1C(C(CO)O)O)(C(=O)[O-])O)O
frdp,VWFJDQUYCIWHTN-YFVJMOTDSA-K,CC(=CCCC(=CCCC(=CCOP(=O)([O-])OP(=O)([O-])[O-])C)C)C
lac__D,JVTAAEKCZFNVCJ-UWTATZPHSA-M,CC(C(=O)[O-])O
tag6p__D,BGWGXPAPYGQALX-OEXCPVAWSA-L,C(C1C(C(C(O1)(CO)O)O)O)OP(=O)([O-])[O-]
4gudbutn,TUHVEAJXIMEOSA-UHFFFAOYSA-N,C(CC(=O)O)CN=C(N)N
3hibutcoa,WWEOGFZEFHPUAM-UQCJFRAESA-J,CC(CO)C(=O)SCCNC(=O)CCNC(=O)C(C(C)(C)COP(=O)([O-])OP(=O)([O-])OCC1C(C(C(O1)N2C=NC3=C(N=CN=C32)N)O)OP(=O)([O-])[O-])O
d12dg_BS,NA,noinchikey_inpubchem
4hbzcoa,LTVXPVBFJBTNIJ-TYHXJLICSA-J,CC(C)(COP(=O)([O-])OP(=O)([O-])OCC1C(C(C(O1)N2C=NC3=C(N=CN=C32)N)O)OP(=O)([O-])[O-])C(C(=O)NCCC(=O)NCCSC(=O)C4=CC=C(C=C4)O)O
