metname,inchikey
3dhq,WVMWZWGZRAXUBK-SYTVJDICSA-M
enter,SERBHKJMVBATSJ-BZSNNMDCSA-M
pydam,NHZMQXZHNVQTQA-UHFFFAOYSA-O
murein3p3p,QKZNHGKXDALVQW-UHFFFAOYSA-I
glu5sa,KABXUUFDPUOJMW-BYPYZUCNSA-N
lgt__S,VDYDCVUWILIYQF-CSMHCCOUSA-M
sheme,DLKSSIHHLYNIKN-QIISWYHFSA-D
5mthf,ZNOVTXRBGFNYRX-STQMWFEESA-L
pa141,NA
sufse,NA
adp,XTWYTFMLZFPYCI-KQYNXXCUSA-K
btcoa,CRFNGMNYKDXRTN-CITAKDKDSA-J
pa140,OZSITQMWYBNPMW-GDLZYMKVSA-L
arbt,BJRNKVDFDLYUGJ-RMPHRYRLSA-N
cdpdodecg,PDCWLWQTNQCGRI-IGIWICMZSA-L
3hcmrs7eACP,NA
3omrsACP,NA
3dhsk,SLWWJZMPHJJOPH-PHDIDXHHSA-M
dmlgnc,NA
1pyr5c,DWAKNKKXGALPNW-UHFFFAOYSA-M
pa180,YFWHNAWEOZTIPI-DIPNUNPCSA-L
ocdcea,ZQPPMHVWECSIRJ-KTKRTIGZSA-M
ddcaACP,NA
oxa,MUBZPKHOEPUJKR-UHFFFAOYSA-L
dtdpglu,YSYKRGRSMLTJNL-URARBOGNSA-L
r5p,KTVPXOYAKDPRHY-AIHAYLRMSA-L
arachcoa,NA
cdp,ZWIADYZPOWUWEW-XVFCMESISA-K
aacoa,OJFDKHTZOUZBOS-CITAKDKDSA-J
udpg,HSCJRCZFDFQWRP-RDKQLNKOSA-L
glyc2p,DHCLVCXQIBBOPH-UHFFFAOYSA-L
r1p,YXJDFQJKERBOBM-TXICZTDVSA-L
4hba,BVJSUAQZOZWCKN-UHFFFAOYSA-N
dacsC,NA
3haACP,NA
cdpdtdec7eg,VDJIEKQUDMPHPA-WNAWUNHNSA-L
amet,MEFKEPWMEQBLKI-AIRLBKTGSA-O
taur,XOAAWQZATWQOTB-UHFFFAOYSA-N
dd2coa,IRFYVBULXZMEDE-DEEZISNZSA-J
histd,ZQISRDCJNBUVMM-YFKPBYRVSA-O
phthdl,NA
udpLa4fn,QGYFHZBDXXNYAX-RTXATJJPSA-L
aps,IRLPACMLTUPBCL-KQYNXXCUSA-L
s,NINIDFKCEFEMDL-UHFFFAOYSA-N
u23gn,NA
mg2,JLVVSXFLKOJNIY-UHFFFAOYSA-N
hkndd,RFENOVFRMPRRJI-AFCKVHGPSA-L
6apa,NGHVIOIJCVXTGV-ALEPSDHESA-N
3mb,GWYFCOCPABKNJV-UHFFFAOYSA-M
myrsACP,NA
progly,RNKSNIBMTUYWSH-YFKPBYRVSA-N
butACP,NA
fmnh2,YTNIXZGTHTVJBW-SCRDCRAPSA-L
u3hgn,NA
ser__D,MTCFGRXMJLQNBG-UWTATZPHSA-N
prbatp,RKNHJBVBFHDXGR-KEOHHSTQSA-H
vanln,MWOOGOJBHIARFG-UHFFFAOYSA-N
prephthACP,NA
fald,WSFSSNUMVMOOMR-UHFFFAOYSA-N
ivcoa,UYVZIWWBJMYRCD-ZMHDXICWSA-J
dnad,SENPVEZBRZQVST-HISDBWNOSA-L
phthr,FKHAKIJOKDGEII-GBXIJSLDSA-L
akg,KPGXRSRHYNQIFN-UHFFFAOYSA-L
ttdcap,NA
ahcys,ZJUKTBDSGOFHSH-WFMPWKQPSA-N
cys__L,XUJNEKJLAYXESH-REOHCLBHSA-N
val__L,KZSNJWFQEVHDMF-BYPYZUCNSA-N
udcdpgal,NA
alac__S,NMDWGEGFJUBKLB-YFKPBYRVSA-M
s7p,JDTUMPKOJBQPKX-GBNDHIKLSA-L
octdp,IKKLDISSULFFQO-DJMILUHSSA-K
3hocoa,ATVGTMKWKDUCMS-OTOYJEMWSA-J
p_tol,LPNBBFKOUUSUDB-UHFFFAOYSA-M
acser,VZXPDPZARILFQX-BYPYZUCNSA-N
2agpg141,NA
pg161,GHQNERCMPIDAAU-ANXSUKRNSA-M
dpcoa,KDTSHFARGAKYJN-IBOSZNHHSA-L
fdxr_42,NA
fum,VZCYOOQTPOCHFL-OWOJBTEDSA-L
2ohed,HYVSZVZMTYIHKF-IWQZZHSRSA-L
tamocta,NA
3hdcoa,HIVSMYZAMUNFKZ-PNPVFPMQSA-J
3hoctACP,NA
galctn__D,RGHNJXZEOKUKBD-MGCNEYSASA-M
dgtp,HAAZLUGHYHWQIW-KVQBGUIXSA-J
but2eACP,NA
cdpglc,NA
ps160,KLFKZIQAIPDJCW-GPOMZPHUSA-M
uacgnn,NA
ocdca,QIQXTHQIDYTFRH-UHFFFAOYSA-M
ile__L,AGPKZVBTJJNPAG-WHFBIAKZSA-N
nadp,XJLXINKUBYWONI-NNYOXOHSSA-K
dcamp,OFBHPPMPBOJXRT-DPXQIYNJSA-J
idp,JPXZQMKKFWMMGK-KQYNXXCUSA-K
2hxmp,CQRYARSYNCAZFO-UHFFFAOYSA-N
hisp,CWNDERHTHMWBSI-YFKPBYRVSA-M
t3c9palmeACP,NA
pdx5p,WHOMFKWHIQZTHY-UHFFFAOYSA-L
kdo,NNLZBVFSCVTSLA-HXUQBWEZSA-M
t3c5ddeceACP,NA
cddec5eACP,NA
LalaDglu,VYZAGTDAHUIRQA-CRCLSJGQSA-M
dha,RXKJFZQQPQGTFL-UHFFFAOYSA-N
pg181,NA
dmpp,CBIDRCWHNCKSTO-UHFFFAOYSA-K
ru5p__L,FNZLKVNUWIIPSJ-CRCLSJGQSA-L
ipenciln,NA
q8h2,LOJUQFSPYHMHEO-SGHXUWJISA-N
glyc3p,AWUCVROLDVIAJX-GSVOUGTGSA-L
mucl,HPEKPJGPWNSAAV-UHFFFAOYSA-M
5cmhm,HJIBROWPWNLWHX-IKENXXAYSA-K
mqn7,RAKQPZMEYJZGPI-LJWNYQGCSA-N
prbamp,RTQMRTSPTLIIHM-KEOHHSTQSA-J
prfp,QOUSHGMTBIIAHR-KEOHHSTQSA-J
1tdec7eg3p,NA
13dpg,LJQLQCAXBUHEAZ-UWTATZPHSA-J
3ophb,UTIBHEBNILDQKX-LQOKPSQISA-M
ctp,PCDQPRRSZKQHHS-XVFCMESISA-J
cgly,ZUKPVRWZDMRIEO-VKHMYHEASA-N
n2,IJGRMHOSHXDMSA-UHFFFAOYSA-N
3hbcoa,QHHKKMYHDBRONY-VKBDFPRVSA-J
decdp_tb,NA
2dmmq8,GDUBPWSFXUAETN-AENDIINCSA-N
adphep_LD,KMSFWBYFWSKGGR-DTBZDYEHSA-L
bmn,VWKNUUOGGLNRNZ-UHFFFAOYSA-N
3c3hmp,BITYXLXUCSKTJS-ZETCQYMHSA-L
uama,NTMMCWJNQNKACG-KBKUWGQMSA-K
hx2coa,OINXHIBNZUUIMR-IXUYQXAASA-J
2obut,TYEYBOSBBBHJIV-UHFFFAOYSA-M
actp,LIPOUNRJVLNBCD-UHFFFAOYSA-L
od2coa,NBCCUIHOHUKBMK-ZDDAFBBHSA-J
cl,VEXZGXHMUGYJMC-UHFFFAOYSA-M
26dap_LL,GMKMEZVLHJARHF-WHFBIAKZSA-N
man1p,HXXFSFRBOHSIMQ-RWOPYEJCSA-L
6pgg,NA
aicar,NOTGFIUVDGNKRI-UUOKFMHZSA-L
gua,UYTPUPDQBNUYGX-UHFFFAOYSA-N
murein4p3p,AKLORNSFZCNZDU-UHFFFAOYSA-H
salcn6p,FSJKOMDYZYBBLV-UJPOAAIJSA-L
3oddcoa,HQANBZHVWIDNQZ-GMHMEAMDSA-J
dtbt,AUTOLBMXDDTRRT-UHFFFAOYSA-M
gtspmd,NEDQLXHBVHSKNV-STQMWFEESA-P
1odecg3p,LAYXSTYJRSVXIH-HXUWFJFHSA-L
gal_bD,WQZGKKKJIJFFOK-FPRJBGLDSA-N
msh,NA
nicrnt,JOUIQRNQJGXQDC-ZYUZMQFOSA-L
3otdcoa,IQNFBGHLIVBNOU-QSGBVPJFSA-J
prpp,PQGCEDQWHSBAJP-TXICZTDVSA-I
gal,WQZGKKKJIJFFOK-PHYPRBDBSA-N
murein5p4p,YJNGRCZHKAYCMA-VZNOAHCOSA-E
4hthr,JBNUARFQOCGDRK-GBXIJSLDSA-N
g6p,NBSCHQHZLSJFNQ-GASJEMHNSA-L
1agpg180,HFJVKBVEKQHVTO-XZOQPEGZSA-M
pphn,FPWMCUPFBRFMLH-XGAOUMNUSA-L
mal__L,BJEPYKJPYRNKOW-REOHCLBHSA-L
mlthf,QYNUQALWYRSVHF-OLZOCXBDSA-L
thmpp,AYEKOFBPNLCAJY-UHFFFAOYSA-L
4mpetz,OCYMERZCMYJQQO-UHFFFAOYSA-L
uppg3,HUHWZXWWOFSFKF-UHFFFAOYSA-F
Lcyst,XVOYSCVBGLVSOL-REOHCLBHSA-M
adocbl,ZIHHMGTYZOSFRC-QRVZQHAISA-N
hmgcoa,CABVTRNMFUVUDM-SJBCKIPMSA-I
alaclav,NA
co2,CURLTUGMZLYLDI-UHFFFAOYSA-N
cd2,WLZRMCYVCSSEQC-UHFFFAOYSA-N
cdpdtdecg,ICFWXMWHAMIZGF-WNAWUNHNSA-L
5dh4dglc,QUURPCHWPQNNGL-ZAFYKAAXSA-L
pq,NA
murein5px3p,NA
caarg,NA
ghb,SJZRECIVHVDYJC-UHFFFAOYSA-M
fa11coa,NA
murein4px4p4p,NPJMJVATSCHTAI-UHFFFAOYSA-F
3hoxpac,FVMDYYGIDFPZAX-UHFFFAOYSA-M
ps180,TZCPCKNHXULUIY-RGULYWFUSA-M
atp,ZKHQWZAMYRWXGA-KQYNXXCUSA-J
glutrna,NA
3ocddec5eACP,NA
hxan,FDGQSTZJBFJUBT-UHFFFAOYSA-N
murein3px3p,IYFHCENFVZTZLO-UHFFFAOYSA-G
moadcoo,NA
2ohph,YGTMSXVYLRCOLD-MGDAWYEDSA-N
mnl1p,GACTWZZMVMUKNG-KVTDHHQDSA-L
4mbzald,FXLOVSHXALFLKQ-UHFFFAOYSA-N
feenter,NGILTSZTOFYVBF-UVJOBNTFSA-H
peptido_BS,NA
uamag,OJZCATPXPWFLHF-HPUCEMLMSA-J
2oxpaccoa,ZQZCWPBSHHYCMM-BETJHJQZSA-J
uLa4n,NA
catechol,YCIMNLLNPGFGHC-UHFFFAOYSA-N
carbox,NA
5cmhmsa,NLXIEJRQAIHYPN-IOBHVTPZSA-L
glyclt,AEMRFAOFKBGASW-UHFFFAOYSA-M
tdec2eACP,NA
pydx,RADKZDMFGJYCBB-UHFFFAOYSA-N
5mdr1p,JTFITTQBRJDSTL-KVTDHHQDSA-L
dadp,DAEAPNUQQAICNR-RRKCRQDMSA-K
cdpdhdecg,NA
dhxfut,XWPBBHHZDYSYMS-ZXRVKKJVSA-M
ddca,NA
cephc,NA
dhlam,VLYUGYAKYZETRF-SSDOTTSWSA-N
nmn,DAYLJWODMCOQEW-TURQNECASA-M
seramp,UVSYURUCZPPUQD-MACXSXHHSA-M
o2,MYMOFIZGZYHOMD-UHFFFAOYSA-N
gm2lipa,NA
ppa,NA
icit,ODBLHEXUDAPZAU-UHFFFAOYSA-K
2mbcoa,LYNVNYDEQMMNMZ-XGXNYEOVSA-J
hmbil,WDFJYRZCZIUBPR-UHFFFAOYSA-F
flxr,NA
fmn,ANKZYBDXHMZBDK-SCRDCRAPSA-K
methf,MEANFMOQMXYMCT-OLZOCXBDSA-M
u3agn,NA
fclav,NA
fa12coa,NA
1ag3p_BS,NA
cpmp,CZAKJJUNKNPTTO-AJFJRRQVSA-N
fa1,NA
aso3,AQLMHYSWFMLWBS-UHFFFAOYSA-N
25aics,NAQGHJTUZRHGAC-ZZZDFHIKSA-J
sufbcd_2fe2s2,NA
3hddecACP,NA
paps,GACDQMDRPRGCTN-KQYNXXCUSA-J
sucr,CZMRCDWAGMRECN-UGDNZRGBSA-N
ggbutal,JZNLEPLZUABCSQ-ZETCQYMHSA-N
glucan6,NA
lipidXn,NA
4h2opntn,HFKQINMYQUXOCH-UHFFFAOYSA-M
1agpg140,LUTDZDAPSDZVAL-RBUKOAKNSA-M
fpram,PMCOGCVKOAOZQM-ZRTZXPPTSA-M
2dhphaccoa,NA
3hcpalm9eACP,NA
ppcoa,QAQREVBBADEHPA-IEXPHMLFSA-J
odecoa,NA
air,PDACUKOKVHBVHJ-ZRTZXPPTSA-M
ptrc,KIDHWZJUCRJVML-UHFFFAOYSA-P
q8,ICFIZJQGJAJRSU-SGHXUWJISA-N
dhna,VOJUXHHACRXLTD-UHFFFAOYSA-M
5d4dglcr,QUURPCHWPQNNGL-ZAFYKAAXSA-L
udcpp,UFPHFKCTOZIAFY-RDQGWRCRSA-L
3hpalmACP,NA
lald__L,BSABBBMNWQWLLU-VKHMYHEASA-N
octapb,NA
scl2,NA
pgp140,NA
pser__L,BZQFBWGGLXLEPQ-REOHCLBHSA-L
metox,QEFRNWWLZKMPFJ-YGVKFDHGSA-N
dgdp,CIKGWCTVFSRMJU-KVQBGUIXSA-K
hkntd,WCJYZUFKKTYNLB-PFCALIJCSA-L
sufsesh,NA
34hpp,KKADPXVIOXHVKN-UHFFFAOYSA-M
fad,IMGVNJNCCGXBHD-UYBVJOGSSA-K
fe2,CWYNVVGOOAEACU-UHFFFAOYSA-N
hgentis,IGMNYECMUMZDDF-UHFFFAOYSA-M
4ppcys,XQYALQVLCNHCFT-CBAPKCEASA-K
thm,MYVIATVLJGTBFV-UHFFFAOYSA-M
uagmda,PNWZQTONLRRPST-KLDRQJOASA-J
gam6p,XHMJOUIAFHJHBW-IVMDWMLBSA-M
actn__R,ROWKJAVDOGWPAT-GSVOUGTGSA-N
dgsn,YKBGVTZYEHREMT-KVQBGUIXSA-N
aso4,DJHGAFSJWGLOIV-UHFFFAOYSA-L
1agpg120,IACXMECMZISNLR-UHFFFAOYSA-M
mn2,WAEMQWOKJMHJLA-UHFFFAOYSA-N
adphep_DD,KMSFWBYFWSKGGR-FQBROAFUSA-L
2ins,VYEGBDHSGHXOGT-HYFGLKJPSA-N
2agpe181,NA
6p2dhglcn,ZKUSPPOKDDRMIU-JJYYJPOSSA-K
bmoco1gdp,NA
ficytc,NA
2fe2s,NA
ac,QTBSBXVTEAMEQO-UHFFFAOYSA-M
trnaglu,NA
fa4coa,NA
25dhpp,NA
nh3,QGZKDVFQNNGYKY-UHFFFAOYSA-O
zn2,PTFCDOFLOPIGGS-UHFFFAOYSA-N
arab__L,PYMYPHUHKUWMLA-VAYJURFESA-N
bz,WPYMKLBDIGXBTP-UHFFFAOYSA-M
bzal,HUMNYLRZRPPJDN-UHFFFAOYSA-N
mmcoa__R,MZFOKIKEPGUZEN-AGCMQPJKSA-I
uacgamo,NA
ibcoa,AEWHYWSPVRZHCT-NDZSKPAWSA-J
iscs,NA
lipopb,NA
so4,QAOWNCQODCNURD-UHFFFAOYSA-L
p_xyl,URLKBWYHVLBVBO-UHFFFAOYSA-N
1tdecg3p,FAZBDRGXCKPVJU-MRXNPFEDSA-L
dcmp,NCMVOABPESMRCP-SHYZEUOFSA-L
cdpglyc,HHPOUCCVONEPRK-JBSYKWBFSA-L
4mbzalc,KMTDMTZBNYGUNX-UHFFFAOYSA-N
scl,KWIZRXMMFRBUML-AHGFGAHVSA-F
dextrin,NA
glu__D,WHUUTDBJXJRKMK-GSVOUGTGSA-M
his__L,HNDVDQJCIGZPNO-YFKPBYRVSA-N
metsox_S__L,QEFRNWWLZKMPFJ-YGVKFDHGSA-N
1agpg181,FQQQKGAFQIIGLQ-SNZQZGEVSA-M
glutar,JFCQEDHGNNZCLN-UHFFFAOYSA-L
acg5sa,BCPSFKBPHHBDAI-LURJTMIESA-M
12dgr160,NA
pmtcoa,MNBKLUUYKPBKDU-BBECNAHFSA-J
glyald,MNQZXJOMYWMBOU-VKHMYHEASA-N
hlipan,NA
pran,PMFMJXPRNJUYMB-GWOFURMSSA-K
g3p,LXJXRIRHZLFYRP-VKHMYHEASA-L
alltt,NUCLJNSWZCHRKL-UHFFFAOYSA-M
cellb,GUBGYTABKSRVRQ-QRZGKKJRSA-N
2agpg161,NA
kdo2lipid4Ln,NA
lipan,NA
gal1p,HXXFSFRBOHSIMQ-FPRJBGLDSA-L
3hmrsACP,NA
moco,NA
alaala,DEFJQIDDEAULHB-QWWZWVQMSA-N
f6p,BGWGXPAPYGQALX-ARQDHWQXSA-L
hghhlipan,NA
rml1p,KNYGWWDTPGSEPD-OTWZMJIISA-L
orot5p,KYOBSHFOBAOFBF-XVFCMESISA-K
gcald,WGCNASOHLSPBMP-UHFFFAOYSA-N
orot,PXQPEWDEAKTCGB-UHFFFAOYSA-M
uri,DRTQHJPVMGBUCF-XVFCMESISA-N
2h3oppan,QWBAFPFNGRFSFB-UHFFFAOYSA-M
sufbcd_2fe2s,NA
12dgr141,NA
4hbz,FJKROLUGYXJWQN-UHFFFAOYSA-M
clav5s,NA
acald,IKHGUXGNUITLKF-UHFFFAOYSA-N
hco3,BVKZGUZCCUSVTD-UHFFFAOYSA-M
nadh,BOPGDPNILDQYTO-NNYOXOHSSA-L
lcts,GUBGYTABKSRVRQ-QKKXKWKRSA-N
cmeclav,NA
maltttr,LUEWUZLMQUOBSB-ZLBHSGTGSA-N
rml,QZNPNKJXABGCRC-FUTKDDECSA-N
ipdp,NUHSROFQTUXZQQ-UHFFFAOYSA-K
ckdo,YWWJKULNWGRYAS-UOVSKDHASA-L
f1p,RHKKZBWRNHGJEZ-VRPWFDPXSA-L
dhlpro,NA
galt1p,GACTWZZMVMUKNG-DPYQTVNSSA-L
hdeACP,NA
LalaDgluMdap,NA
dhpt,WBFYVDCHGVNRBH-UHFFFAOYSA-M
hqn,QIGBRXMKCJKVMJ-UHFFFAOYSA-N
tsul,DHCDFWKWKRSZHF-UHFFFAOYSA-M
cit,KRKNYBCHXYNGOX-UHFFFAOYSA-K
glc__D,WQZGKKKJIJFFOK-GASJEMHNSA-N
2mcit,YNOXCRMFGMSKIJ-NFNCENRGSA-K
lpam,FCCDDURTIIUXBY-SSDOTTSWSA-N
thym,RWQNBRDOKXIBIV-UHFFFAOYSA-N
2dr5p,ALQNUOMIEBHXQG-CRCLSJGQSA-L
1agpg160,BVJSKAUUFXBDOB-LEWJYISDSA-M
3hhdcoa,DEHLMTDDPWDRDR-BCIKBWLNSA-J
ppp9,KSFOVUSSGSKXFI-UJJXFSCMSA-L
pencil,NA
pppg9,UHSGPDMIQQYNAX-UHFFFAOYSA-L
fa3,NA
ggptrc,WKGTVHGVLRCTCF-UHFFFAOYSA-O
salcn,NGFMICBWJRZIBI-UJPOAAIJSA-N
xan,LRFVTYWOQMYALW-UHFFFAOYSA-N
diact,QSJXEFYPDANLFS-UHFFFAOYSA-N
e4p,NGHMDNPXVRFFGS-IUYQGCFVSA-L
clavcar,NA
gam1p,YMJBYRVFGYXULK-QZABAPFNSA-M
toctd2eACP,NA
5aprbu,RQRINYISXYAZKL-RPDRRWSUSA-L
oc2coa,CPSDNAXXKWVYIY-NTLMCJQISA-J
ppgpp,BUFLLCUFNHESEH-UUOKFMHZSA-I
2oph,VUNQJPPPTJIREN-CMAXTTDKSA-N
pgp161,PTJJTQQVMKSSOK-WXUKJITCSA-K
orn,AHLPHDHHMVZTML-BYPYZUCNSA-O
metsox_R__L,QEFRNWWLZKMPFJ-ZXPFJRLXSA-N
12dgr161,NA
3odecACP,NA
malcoa,LTYOQGRJFJAKNA-DVVLENMVSA-I
t3c11vaceACP,NA
cobalt2,XLJKHNWPARRRJB-UHFFFAOYSA-N
pyr,LCTONWCANYUPML-UHFFFAOYSA-M
glucan4,NA
moadamp,NA
4ppan,XHFVGHPGDLDEQO-ZETCQYMHSA-K
mmtsa,VOKUMXABRRXHAR-VKHMYHEASA-M
murein4p4p,VTZDBMVDVOTCFD-UHFFFAOYSA-G
lald__D,BSABBBMNWQWLLU-GSVOUGTGSA-N
oaa,KHPXUQMNIQBQEV-UHFFFAOYSA-L
2kmb,SXFSQZDSUWACKX-UHFFFAOYSA-M
12dgr180,NA
6hmhptpp,FCQGJGLSOWZZON-UHFFFAOYSA-K
phthiocerol,HLQGVSDAPGNBGG-ITGKQZKFSA-N
ttdceap,NA
4adcho,OIUJHGOLFKDBSU-HTQZYQBOSA-M
gsn,NYHBQMYGNKIUIF-UUOKFMHZSA-N
ru5p__D,FNZLKVNUWIIPSJ-UHNVWZDZSA-L
2mahmp,AGQJQCFEPUVXNK-UHFFFAOYSA-K
lipidAdsn,NA
3oxdhscoa,IFFFDKYRRUVOFP-HURBHMQQSA-I
fut,VEDWXCWBMDQNCV-SCFUHWHPSA-M
alltn,POJWUDADGALRAB-UHFFFAOYSA-N
pe180,LVNGJLRDBYCPGB-LDLOPFEMSA-N
clava,NA
betald,SXKNCCSPZDCRFD-UHFFFAOYSA-N
12dgr120,NA
dad_5,XGYIMTFOTBMPFP-KQYNXXCUSA-N
2agpg181,NA
lac__L,JVTAAEKCZFNVCJ-REOHCLBHSA-M
bmnmsh,NA
prlp,BLKFNHOCHNCLII-GHVQHMAVSA-J
ser__L,MTCFGRXMJLQNBG-REOHCLBHSA-N
fa3coa,NA
clavad,NA
hxcoa,NA
pgp180,UZNYMWWMHBZMLI-IOLBBIBUSA-K
achms,FCXZBWSIAGGPCB-YFKPBYRVSA-N
ocdceap,NA
gthrd,RWSXRVCMGQZWBV-WDSKDSINSA-M
cdp4dh36ddglc,NA
gtca2_45_BS,NA
urate,LEHOTFFKMJEONL-UHFFFAOYSA-N
acorn,JRLGPAXAGHMNOL-LURJTMIESA-N
cu2,JPVYNHNXODAKFH-UHFFFAOYSA-N
ddcacoa,YMCXGHLSVALICC-GMHMEAMDSA-J
urcan,LOIYMIARKYCTBW-OWOJBTEDSA-M
rib__D,HMFHBZSHGGEWLO-SOOFDHNKSA-N
isetac,SUMDYPCJJOFFON-UHFFFAOYSA-M
gmhep7p,SDADNVAZGVDAIM-ZUHYCWGWSA-L
but,NA
asn__L,DCXYFEDJOCDNAF-REOHCLBHSA-N
ptd1ino160,NA
cpppg3,NIUVHXTXUXOFEB-UHFFFAOYSA-J
3ohexACP,NA
udcpdp,NTXGVHCCXVHYCL-RDQGWRCRSA-K
3ohdcoa,NQMPLXPCRJOSHL-BBECNAHFSA-J
gam,MSWZFWKMSRAUBD-IVMDWMLBSA-O
udcdpgalrmnman,NA
2fe1s,NA
3hcinnm,KKSDGJDHHZEWEP-SNAWJCMRSA-M
gln__L,ZDXPYRJPNDTMRX-VKHMYHEASA-N
udcpo5,NA
glyc__R,RBNPOMFGQQGHHO-UWTATZPHSA-M
4pasp,IXZNKTPIYKDIGG-REOHCLBHSA-L
3oxoadp,RTGHRDFWYQHVFW-UHFFFAOYSA-L
pac,WLJVXDMOQOGPHL-UHFFFAOYSA-M
iscssh,NA
3c4mop,HIIZAGQWABAMRR-BYPYZUCNSA-L
cbl1,OMAOKVYASDIYQG-DSRCUDDDSA-L
2ippm,NJMGRJLQRLFQQX-HYXAFXHYSA-L
pacald,DTUQWGWMVIHBKE-UHFFFAOYSA-N
3oocoa,WPIVBCGRGVNDDT-CECATXLMSA-J
pant__R,OTOIIPJYVQJATP-BYPYZUCNSA-M
4hoxoh,ALFQPWXBAWHVDP-UHFFFAOYSA-M
kdo2lipid4n,NA
strcoa,SIARJEKBADXQJG-LFZQUHGESA-J
moadcosh,NA
2o3mpt,JVQYSWDUAOAHFM-SCSAIBSYSA-M
dhcinnm,SIUKXCMDYPYCLH-SNAWJCMRSA-M
1hdecg3p,NA
trdox,NA
pppi,UNXRWKVEANCORM-UHFFFAOYSA-I
3mop,JVQYSWDUAOAHFM-BYPYZUCNSA-M
man6p,NBSCHQHZLSJFNQ-QTVWNMPRSA-L
uaagmda,OXJNZXDFVLDLEI-MBCYCBSHSA-J
phe__L,COLNVLDHVKWLRT-QMMMGPOBSA-N
ghhlipan,NA
h,GPRLSGONYQIRFK-UHFFFAOYSA-N
ttdca,NA
2mb2coa,PMWATMXOQQZNBX-DKBZLLMOSA-J
h2o,XLYOFNOQVPJJNP-UHFFFAOYSA-N
ins,UGQMRVRMYYASKQ-KQYNXXCUSA-N
acmanap,QDSLHWJDSQGPEE-WCTZXXKLSA-L
fru,RFSUNEUAIZKAJO-VRPWFDPXSA-N
cephalC,NA
pg140,BPHQZTVXXXJVHI-AJQTZOPKSA-M
1ddecg3p,STTKJLVEXMKLNA-CQSZACIVSA-L
arachACP,NA
3hadpcoa,OTEACGAEDCIMBS-NOTSHUFBSA-I
pi,NBIIXXVUZAFLBC-UHFFFAOYSA-L
2p4c2me,HTJXTKBIUVFUAR-XHIBXCGHSA-J
hexs,NA
coa,RGJOEKWQDUBAIZ-IBOSZNHHSA-J
ametam,ZUNBITIXDCPNSD-LSRJEVITSA-O
hom__L,UKAUYVFTDYCKQA-VKHMYHEASA-N
murein4px4px4p,NA
xylu__D,ZAQJHHRNXZUBTE-WUJLRWPWSA-N
ACV,NA
2ahhmp,NA
4hbald,RGHHSNMVTDWUBI-UHFFFAOYSA-N
pe140,NA
dca,NA
dttp,NHVNXKFIZYSCEB-XLPZGREQSA-J
dacetC,NA
ca2,BHPQYMZQTOCNFJ-UHFFFAOYSA-N
3htdcoa,OXBHKMHNDGRDCZ-STLSENOWSA-J
ditp,UFJPAQSLHAGEBL-RRKCRQDMSA-J
butso3,NA
ade,GFFGJBXGBJISGV-UHFFFAOYSA-N
anhm4p,OUWAMZWZTFUVMV-NPLPHQDTSA-L
murein5px4px4p,UVVIMBIDZMDRCG-UHFFFAOYSA-D
dgpa,NA
palmACP,NA
k,NPYPAHLBTDXSSS-UHFFFAOYSA-N
ahdt,DGGUVLXVLHAAGT-XINAWCOVSA-J
galt,FBPFZTCFMRRESA-GUCUJZIJSA-N
hdceap,NA
trp__L,QIVBCDIJIAJPQS-VIFPVBQESA-N
2agpe141,NA
etha,HZAXFHJVJLSVMW-UHFFFAOYSA-O
ala__D,QNAYBMKLOCPYGJ-UWTATZPHSA-N
hpyr,HHDDCCUIIUWNGJ-UHFFFAOYSA-M
hdcap,NA
5aizc,XFVULMDJZXYMSG-ZIYNGMLESA-L
26dap__M,GMKMEZVLHJARHF-SYDPRGILSA-N
gdptp,KCPMACXZAITQAX-UUOKFMHZSA-H
1hdec9eg3p,NA
gar,OBQMLSFOUZUIOB-HJZCUYRDSA-M
glcur,AEMOLEFTQBMNLQ-AQKNRBDQSA-M
2hchd,VPGPQVKJUYKKNN-AWYLAFAOSA-M
nac,PVNIIMVLHYAWGP-UHFFFAOYSA-M
octa,WWZKQHOCKIZLMA-UHFFFAOYSA-M
hmclav,NA
6pgc,BIRSGZKFKXLSJQ-SQOUGZDYSA-K
pgp181,NA
nh4oh,VHUUQVKOLVNVRT-UHFFFAOYSA-N
ura,ISAKRJDGNUQOIC-UHFFFAOYSA-N
dctp,RGWHQCVHVJXOKC-SHYZEUOFSA-J
pyam5p,ZMJGSOSNSPKHNH-UHFFFAOYSA-M
gly,DHMQDGOQFOQNFH-UHFFFAOYSA-N
gluala,WQXXXVRAFAKQJM-WHFBIAKZSA-M
g3ps,ZWZWYGMENQVNFU-UHNVWZDZSA-M
prephth,NA
decdp,FSCYHDCTHRVSKN-CMVHWAPMSA-K
23dhdp,UWOCFOFVIBZJGH-YFKPBYRVSA-L
agm,QYPPJABKJHAVHS-UHFFFAOYSA-P
glu1sa,MPUUQNGXJSEWTF-BYPYZUCNSA-N
iscu,NA
tre6p,LABSPYBHMPDTEL-LIZSDCNHSA-L
phpyr,BTNMPGBKDVTSJY-UHFFFAOYSA-M
2agpg160,ODJYINYQGFIIRK-UHFFFAOYSA-M
pg180,FVJZSBGHRPJMMA-IOLBBIBUSA-M
cro4,ZCDOYSPFYFSLEW-UHFFFAOYSA-N
mnl,FBPFZTCFMRRESA-KVTDHHQDSA-N
malthx,OCIBBXPLUVYKCH-QXVNYKTNSA-N
3hmp,DBXBTMSZEOQQDU-UHFFFAOYSA-M
5apru,LZEXYCAGPMYXLX-UMMCILCDSA-L
5fthf,VVIAGPKUTFNRDU-STQMWFEESA-L
thmmp,HZSAJDVWZRBGIF-UHFFFAOYSA-M
mbhn,NA
2agpe140,DDUZNLUWXLYPCP-UHFFFAOYSA-N
adn,OIRDTQYFTABQOQ-KQYNXXCUSA-N
mqn8,LXKDFTDVRVLXFY-WQWYCSGDSA-N
ttdcea,NA
udcdpgalrmn,NA
3hcvac11eACP,NA
pheme,KABFMIBPWCXCRK-RGGAHWMASA-J
dkmpp,HKEAOVFNWRDVAJ-UHFFFAOYSA-L
hxa,FUZZWVXGSFPDMH-UHFFFAOYSA-M
bglycogen,NA
pan4p,JDMUPRLRUUMCTL-VIFPVBQESA-L
ddcap,NA
lpro,NA
adocbi,KQXSPGAEBZWHMC-OCUXTBADSA-N
dc2coa,MGNBGCRQQFMNBM-YJHHLLFWSA-J
ppbng,QSHWIQZFGQKFMA-UHFFFAOYSA-M
bz12diol,PUCYIVFXTPWJDD-CAHLUQPWSA-M
uamr,NQBRVZNDBBMBLJ-MQTLHLSBSA-K
3opalmACP,NA
crn__D,PHIQHXFUZVPYII-LURJTMIESA-N
db4p,OKYHYXLCTGGOLM-UHFFFAOYSA-L
hdca,IPCSVZSSVZVIGE-UHFFFAOYSA-M
23dhb,GLDQAMYCGOIJDV-UHFFFAOYSA-M
spmd,ATHGHQPFGPMSJY-UHFFFAOYSA-Q
ch4s,LSDPWZHWYPCBBB-UHFFFAOYSA-N
asp__L,CKLJMWTZIZZHCS-REOHCLBHSA-M
sbt__D,FBPFZTCFMRRESA-JGWLITMVSA-N
acgclavam,NA
rdxr,NA
frmd,ZHNUHDYFZUAESO-UHFFFAOYSA-N
7hcdcs,NA
cbm,KXDHJXZQYSOELW-UHFFFAOYSA-M
glcn,RGHNJXZEOKUKBD-SQOUGZDYSA-M
octeACP,NA
quln,GJAWHXHKYYXBSV-UHFFFAOYSA-L
arbt6p,FBHYCDOVYMVLEN-RMPHRYRLSA-L
b2coa,KFWWCMJSYSSPSK-PAXLJYGASA-J
met__L,FFEARJCKVFRZRR-BYPYZUCNSA-N
dhor__S,UFIVEPVSAGBUSI-REOHCLBHSA-M
pdima,NA
pydx5p,NGVDGCNFYWLIFO-UHFFFAOYSA-L
tpalm2eACP,NA
duri,MXHRCPNRJAMMIM-SHYZEUOFSA-N
ppap,FMNMEQSRDWIBFO-UHFFFAOYSA-L
mmcoa__S,MZFOKIKEPGUZEN-IBNUZSNCSA-I
glx,HHLFWLYXYJOTON-UHFFFAOYSA-M
idon__L,RGHNJXZEOKUKBD-SKNVOMKLSA-M
sulfac,AGGIJOLULBJGTQ-UHFFFAOYSA-L
tre,HDTRYLNUVZCQOY-LIZSDCNHSA-N
udcpo4,NA
2ahhmd,FCQGJGLSOWZZON-UHFFFAOYSA-L
2dhglcn,VBUYCZFBVCCYFD-JJYYJPOSSA-M
ohpb,MZJFVXDTNBHTKZ-UWTATZPHSA-K
10fthf,AUFGTPPARQZWDO-YPMHNXCESA-L
etoh,LFQSCWFLJHTTHZ-UHFFFAOYSA-N
anhgm3p,ZWZMFRJKRXDGBE-UHFFFAOYSA-L
crn,PHIQHXFUZVPYII-ZCFIWIBFSA-N
skm5p,QYOJSKGCWNAKGW-PBXRRBTRSA-K
pclavam,NA
2agpe120,NPAZKTOOMVQLIH-UHFFFAOYSA-N
2agpg140,NHYJQQUDLXESED-UHFFFAOYSA-M
3hpppn,QVWAEZJXDYOKEH-UHFFFAOYSA-M
dad_2,OLXZPDWKRNYJJZ-RRKCRQDMSA-N
dtdprmn,ZOSQFDVXNQFKBY-CGAXJHMRSA-L
2mecdp,SFRQRNJMIIUYDI-UHNVWZDZSA-L
12dag3p_BS,NA
malttr,FYGDTMLNYKFZSV-PXXRMHSHSA-N
34dhpha,CFFZDZCDUFSOFZ-UHFFFAOYSA-M
rdxo,NA
murein5p5p,WSONNHVKPYOZEY-UHFFFAOYSA-E
5aptn,JJMDCOVWQOJGCB-UHFFFAOYSA-N
5aop,ZGXJTSGNIOSYLO-UHFFFAOYSA-N
pe160,SLKDGVPOSSLUAI-PGUFJCEWSA-N
ala__L,QNAYBMKLOCPYGJ-REOHCLBHSA-N
hdcoa,NA
Sfglutth,FHXAGOICBFGEBF-BQBZGAKWSA-M
lipo2_24_BS,NA
murein5p5p5p,FOZGDVCGOFWZKF-SSRSPRHQSA-G
rmn,PNNNRSAQSRJVSB-BXKVDMCESA-N
oxalcoa,QVXMZFTWJVBUHP-IBOSZNHHSA-I
occoa,KQMZYOXOBSXMII-CECATXLMSA-J
2hh24dd,NA
camp,IVOMOUWHDPKRLL-KQYNXXCUSA-M
2hmcnsad,KGLCZTRXNNGESL-WFTYEQLWSA-M
q,NA
udpLa4n,GWBAKYBSWHQNMQ-IAZOVDBXSA-M
gclavam,NA
flxso,NA
gg4abut,MKYPKZSGLSOGLL-LURJTMIESA-M
csn,OPTASPLRGRRNAP-UHFFFAOYSA-N
mql7,VFGNPJRRTKMYKN-LJWNYQGCSA-N
nadph,ACFIXJIJDZMPPO-NNYOXOHSSA-J
5oxpro,ODHCTXKNWHHXJC-VKHMYHEASA-M
fomclav,NA
succ,KDYFGRWQOYBRFD-UHFFFAOYSA-L
imp,GRSZFWQUAKGDAV-KQYNXXCUSA-L
pro__L,ONIBWKKTOPOVIA-BYPYZUCNSA-N
4abz,ALYNCZNDIQEVRV-UHFFFAOYSA-M
cytd,UHDGCWIWMRVCDJ-XVFCMESISA-N
sdhlam,KWKBJWYJJBQOAE-UHFFFAOYSA-M
adhlam,ARGXEXVCHMNAQU-UHFFFAOYSA-N
udpgal,HSCJRCZFDFQWRP-ABVWGUQPSA-L
dhnpt,YQIFAMYNGGOTFB-XINAWCOVSA-N
no,MWUXSHHQAYIFBG-UHFFFAOYSA-N
ara5p,PPQRONHOSHZGFQ-WDCZJNDASA-L
dhpmp,PLSQMGZYOGSOCE-XINAWCOVSA-L
rbl__L,ZAQJHHRNXZUBTE-UCORVYFPSA-N
forglu,NRXIKWMTVXPVEF-BYPYZUCNSA-M
gmp,RQFCJASXJCIDSX-UUOKFMHZSA-L
bmoco,NA
udp,XCCTYIAWTASOJW-XVFCMESISA-K
thymd,IQFYYKKMVGJFEH-XLPZGREQSA-N
dtdp4d6dm,PSXWNITXWWECNY-LPVGZGSHSA-L
eths,CCIVGXIOQKPBKL-UHFFFAOYSA-M
pg141,NA
hhlipan,NA
dscl,OQIIYZQTTMKFAU-ZNLOQLQNSA-G
5pg35pg,ZEHOHLFQOXAZHX-MHARETSRSA-K
cdpdodec11eg,KISJWPWNABZPGN-IGIWICMZSA-L
focytc,NA
dcaACP,NA
pram,SKCBPEVYGOQGJN-TXICZTDVSA-M
chols,WXCQAWGXWVRCGP-UHFFFAOYSA-N
urea,XSQUKJJJFZCRTK-UHFFFAOYSA-N
fa4,NA
acmana,MBLBDJOUHNCFQT-XAMCCFCMSA-N
3psme,QUTYKIXIUDQOLK-PRJMDXOYSA-J
sufbcd_4fe4s,NA
fdxox,NA
gmhep1p,KMEJCSKJXSBBAN-QTNLNCNHSA-L
dump,JSRLJPSBLDHEIO-SHYZEUOFSA-L
murein4px4p,NA
pa160,PORPENFLTBBHSG-MGBGTMOVSA-L
malt,GUBGYTABKSRVRQ-PICCSMPSSA-N
glyb,KWIUHFFTVRNATP-UHFFFAOYSA-N
oxptn,VBKPPDYGFUZOAJ-UHFFFAOYSA-M
ACP,NA
4fumacac,GACSIVHAIFQKTC-OWOJBTEDSA-L
xmp,DCTLYFZHFGENCW-UUOKFMHZSA-L
ncam,DFPAKSUCGFBDDF-UHFFFAOYSA-N
acclavam,NA
malACP,NA
mthgxl,AIJULSRZWUXGPQ-UHFFFAOYSA-N
penciln,NA
nh4,QGZKDVFQNNGYKY-UHFFFAOYSA-O
btal,ZTQSAGDEMFDKMZ-UHFFFAOYSA-N
buts,NA
forcoa,SXMOKYXNAPLNCW-GORZOVPNSA-J
gdbtal,VCOFTLCIPLEZKE-UHFFFAOYSA-O
lipo3_24_BS,NA
glcn__D,RGHNJXZEOKUKBD-SQOUGZDYSA-M
mi1p__D,INAPMGSXUVUWAF-UOTPTPDRSA-L
4hphac,HBMCQTHGYMTCOF-UHFFFAOYSA-N
3ocvac11eACP,NA
actACP,NA
mso3,AFVFQIVMOAPDHO-UHFFFAOYSA-M
cdpdddecg,NA
pa120,NA
toct2eACP,NA
h2co3,NA
btn,YBJHBAHKTGYVGT-ZKWXMUAHSA-M
cdp4dh6doglc,PUBYMNIINUUJLL-JOCQNMFKSA-L
cigam,NA
h2,UFHFLCQGNIYNRP-UHFFFAOYSA-N
5drib,WDRISBUVHBMJEF-MROZADKFSA-N
xu5p__D,FNZLKVNUWIIPSJ-RFZPGFLSSA-L
salchs4,NA
tmhexc,NA
pgp120,NA
acgam6p,BRGMHAYQAZFZDJ-RTRLPJTCSA-L
fmnRD,NA
gmhep17bp,LMTGTTLGDUACSJ-NNPWBXLPSA-J
din,VGONTNSXDCQUGY-RRKCRQDMSA-N
dh4mchc,KWQSYZVAOWYCNP-POYBYMJQSA-M
ethso3,CCIVGXIOQKPBKL-UHFFFAOYSA-M
ibt,KQNPFQTWMSNSAP-UHFFFAOYSA-M
metox__R,NA
ppi,XPPKVPWEQAFLFU-UHFFFAOYSA-K
xtp,CAEFEWVYEZABLA-UUOKFMHZSA-J
athr__L,AYFVYJQAPQTCCC-HRFVKAFMSA-N
indpyr,RSTKLPZEZYGQPY-UHFFFAOYSA-M
uLa4fn,YYVYMEXYAGAGTM-MOVGJWTDSA-M
hcys__L,FFFHZYDWPBMWHY-UHFFFAOYSA-N
acgam1p,FZLJPEPAYPUMMR-RTRLPJTCSA-L
cbasp,HLKXYZVTANABHZ-REOHCLBHSA-L
4ampm,SSWDVESQMBHOQT-UHFFFAOYSA-N
anth,RWZYAGGXGHYGMB-UHFFFAOYSA-M
cdec3eACP,NA
fprica,ABCOOORLYAOBOZ-KQYNXXCUSA-L
glycogen,NA
no3,NHNBFGGVMKEFGY-UHFFFAOYSA-N
pa181,NA
mql6,ZVENTDGZQVBWNA-RCIYGOBDSA-N
4fe4s,LJBDFODJNLIPKO-UHFFFAOYSA-N
mobd,MEFBJEMVZONFCJ-UHFFFAOYSA-N
grdp,GVVPGTZRZFNKDS-JXMROGBWSA-K
5mdru1p,CNSJRYUMVMWNMC-RITPCOANSA-L
4mlacac,GACSIVHAIFQKTC-UPHRSURJSA-L
dxyl5p,AJPADPZSRRUGHI-RFZPGFLSSA-L
akaclav,NA
14glucan,NA
gtca1_45_BS,NA
melib,DLRVVLDZNNYCBX-ZZFZYMBESA-N
acgam,OVRNDRQMDRJTHS-RTRLPJTCSA-N
2mcacn,NUZLRKBHOBPTQV-ARJAWSKDSA-K
prephthcoa,NA
cbi,XQRJFEVDQXEIAX-JFYQDRLCSA-M
fe3,VTLYFUHAOXGGBS-UHFFFAOYSA-N
thr__L,AYFVYJQAPQTCCC-GBXIJSLDSA-N
anhgm,NA
pgp141,NA
3hdecACP,NA
g3pe,JZNWSCPGTDBMEW-YFKPBYRVSA-N
vanlt,WKOLLVMJNQIZCI-UHFFFAOYSA-M
1odec11eg3p,NA
3hddcoa,IJFLXRCJWPKGKJ-LXIXEQKWSA-J
g3pi,BMVUIWJCUQSHLZ-UJGXJMNGSA-M
h2o2,MHAJPDPJQMAIIY-UHFFFAOYSA-N
glu__L,WHUUTDBJXJRKMK-VKHMYHEASA-M
tyr__L,OUYCCCASQSFEME-QMMMGPOBSA-N
lipo4_24_BS,NA
4abut,BTCSSZJGUNDROE-UHFFFAOYSA-N
anhm,NA
2agpe160,CKPBBEOJHAPPBT-HXUWFJFHSA-N
chol,OEYIOHPDSNJKLS-UHFFFAOYSA-N
murein5px4p,NQXCJQVWBSGGNW-UHFFFAOYSA-E
pe141,NA
fldox,NA
aacald,LYIIBVSRGJSHAV-UHFFFAOYSA-O
citr__L,RHGKLRLOHDJJDR-BYPYZUCNSA-N
3hodcoa,WZMAIEGYXCOYSH-SFKGBVSGSA-J
2dda7p,PJWIPEXIFFQAQZ-PUFIMZNGSA-K
dtdp,UJLXYODCHAELLY-XLPZGREQSA-K
fadh2,YPZRHBJKEMOYQH-UYBVJOGSSA-L
starch,NA
argsuc,KDZOASGQNOPSCU-ZBHICJROSA-M
for,BDAGIHXWWSANSR-UHFFFAOYSA-M
indole,SIKJAQJRHWYJAI-UHFFFAOYSA-N
amp,UDMBCSSLTHHNCD-KQYNXXCUSA-L
glyc,PEDCQBHIVMGVHV-UHFFFAOYSA-N
Nforglu,ADZLWSMFHHHOBV-BYPYZUCNSA-L
iscu_2fe2s2,NA
eig3p,HFYBTHCYPKEDQQ-RITPCOANSA-L
fa6,NA
glucys,RITKHVBHSGLULN-WHFBIAKZSA-M
cdhxfut,BAUPPZJHTWBQAS-ZZWXXDIBSA-M
micit,HHKPKXCSHMJWCF-WVBDSBKLSA-K
uaccg,BEGZZYPUNCJHKP-DBYWSUQTSA-K
cysth__L,ILRYLPWNYFXEMH-WHFBIAKZSA-N
LalaDgluMdapDala,BAPAFFOXTCMVCC-UHFFFAOYSA-M
3amac,YTLYLLTVENPWFT-UPHRSURJSA-M
3c2hmp,RNQHMTFBUSSBJQ-CRCLSJGQSA-L
dhf,OZRNSSUDZOLUSN-LBPRGKRZSA-L
5mta,WUUGFSXJNOTRMR-IOSLPCCCSA-N
rephaccoa,NA
3ocpalm9eACP,NA
salchs4fe,NA
pydxn,LXNHXLLTXMVWPM-UHFFFAOYSA-N
pg160,BIABMEZBCHDPBV-MPQUPPDSSA-M
uacgam,LFTYTUAZOPRMMI-CFRASDGPSA-L
sufbcd,NA
ocdcap,NA
2pg,GXIURPTVHJPJLF-UWTATZPHSA-K
glu5p,PJRXVIJAERNUIP-VKHMYHEASA-L
12dgr181,NA
amacald,LYIIBVSRGJSHAV-UHFFFAOYSA-O
murein5p3p,SBOXLYQXPDGZLN-UHFFFAOYSA-G
fldrd,NA
gdp,QGWNDRXFNXRZMB-UUOKFMHZSA-K
aspsa,HOSWPDPVFBCLSY-VKHMYHEASA-N
dtmp,GYOZYWVXFNDGLU-XLPZGREQSA-L
arach,VKOBVWXKNCXXDE-UHFFFAOYSA-M
iscu_4fe4s,NA
halclav,NA
ppal,NBBJYMSMWIIQGU-UHFFFAOYSA-N
cdcs,NA
3hhcoa,VAAHKRMGOFIORX-IKTBLOROSA-J
gthox,YPZRWBKMTBYPTK-BJDJZHNGSA-L
uracp,AJFKXWQDHFYKFK-UPHRSURJSA-N
24dhhed,APNIDHDQYISZAE-HYXAFXHYSA-L
3hmbcoa,PEKYNTFSOBAABV-LQUDNSJZSA-J
lipidAn,NA
3php,LFLUCDOSQPJJBE-UHFFFAOYSA-K
hexACP,NA
h2s,RWSOTUBLDIXVET-UHFFFAOYSA-M
cu,VMQMZMRVKUZKQL-UHFFFAOYSA-N
4izp,MYNHYKDPSRPBNZ-UHFFFAOYSA-N
chor,WTFXTQVDAKGDEY-HTQZYQBOSA-L
dclavam,NA
g1p,HXXFSFRBOHSIMQ-GASJEMHNSA-L
cdpabeq,JHEDABDMLBOYRG-YGBYUOMUSA-L
4mcat,ZBCATMYQYDCTIZ-UHFFFAOYSA-N
acetol,XLSMFKSTNGKWQX-UHFFFAOYSA-N
tartr__D,FEWJPZIEWOKRBE-LWMBPPNESA-L
fa12,NA
benzcoa,VEVJTUNLALKRNO-TYHXJLICSA-J
5apentam,OTIAVLWNTIXJDO-UHFFFAOYSA-O
2ddg6p,OVPRPPOVAXRCED-WVZVXSGGSA-K
dmlz,SXDXRJZUAJBNFL-XKSSXDPKSA-M
mssg,NA
t3c7mrseACP,NA
4abutn,DZQLQEYLEYWJIB-UHFFFAOYSA-O
na1,FKNQFGJONOIPTF-UHFFFAOYSA-N
hdd2coa,JUPAQFRKPHPXLD-MSHHSVQMSA-J
td2coa,MBCVYCOKMMMWLX-YYMFEJJQSA-J
arg__L,ODKSFYDXXFIFQN-BYPYZUCNSA-O
fdxrd,NA
anhm3p,KGVLFEPQSVUIRC-FYQNUYSYSA-L
ugmda,IMWOXEZVYQDRDF-MCZXNMLPSA-J
g3pc,SUHOQUVVVLNYQR-MRVPVSSYSA-N
fa1coa,NA
cmp,IERHLVCPSMICTF-XVFCMESISA-L
scys__L,NOKPBJYHPHHWAN-REOHCLBHSA-M
dimp,PHNGFPPXDJJADG-RRKCRQDMSA-L
gdpmann,MVMSCBBUIHUTGJ-GDJBGNAASA-L
kdo8p,IZZNRKJLBIYBJN-HXUQBWEZSA-K
cyst__L,ILRYLPWNYFXEMH-WHFBIAKZSA-N
hmgth,PIUSLWSYOYFRFR-BQBZGAKWSA-M
istnt,SUMDYPCJJOFFON-UHFFFAOYSA-M
glcr,DSLZVSRJTYRBFB-LLEIAEIESA-L
clavam,NA
pqh2,NA
dhap,GNGACRATGGDKBX-UHFFFAOYSA-L
dgmp,LTFMZDNNPPEQNG-KVQBGUIXSA-L
mql8,OIEZRVBFVPGODT-WQWYCSGDSA-N
iasp,NMUOATVLLQEYHI-UHFFFAOYSA-M
sucsal,UIUJIQZEACWQSV-UHFFFAOYSA-M
maltpt,FTNIPWXXIGNQQF-DWTFCAFKSA-N
cbp,FFQKYPRQEYGKAF-UHFFFAOYSA-L
2me4p,XMWHRVNVKDKBRG-UHNVWZDZSA-L
inost,CDAISMWEOUEBRE-GPIVLXJGSA-N
galur,AEMOLEFTQBMNLQ-YMDCURPLSA-M
imacp,YCFFMSOLUMRAMD-UHFFFAOYSA-L
meoh,OKKJLVBELUTLKV-UHFFFAOYSA-N
skm,JXOHGGNKMLTUBP-HSUXUTPPSA-M
gtca3_45_BS,NA
hmccms,ADNFTGVUUFRKSK-JGDUWUCISA-M
3ohodcoa,LGOGWHDPDVAUNY-LFZQUHGESA-J
3ocmrs7eACP,NA
2dmmql8,FGYPGICSXJEKCG-AENDIINCSA-N
phaccoa,ZIGIFDRJFZYEEQ-CECATXLMSA-J
5dglcn,IZSRJDGCGRAUAR-MROZADKFSA-M
pap,WHTCPDAXWFLDIH-KQYNXXCUSA-J
ribflv,AUNGANRZJHBGPY-SCRDCRAPSA-M
2dr1p,KBDKAJNTYKVSEK-VPENINKCSA-L
23dhmp,PDGXJDXVGMHUIR-UJURSFKZSA-M
6pgl,IJOJIVNDFQSGAB-SQOUGZDYSA-L
udpLa4o,URJZIQLTPCJVMW-QNSCKLTRSA-L
fdp,RNBGYGVWRKECFJ-VRPWFDPXSA-J
malt6p,ITPHOIFCAFNCLL-ASMJPISFSA-L
pgp160,ONJBJMDJKLHMEK-MPQUPPDSSA-K
um4p,NA
3hhexACP,NA
kdolipid4n,NA
fdxo_42,NA
23dhacoa,ZFXICKRXPZTFPB-FZHFFJAKSA-I
utp,PGAVKCOVUIYSFO-XVFCMESISA-J
xtsn,UBORTCNDUKBEOP-UUOKFMHZSA-N
lys__L,KDXKERNSBIXSRK-YFKPBYRVSA-O
12dgr140,NA
cdpdhdec9eg,LBKBJHVQQNUXGQ-BQUKFSKHSA-L
pe161,NA
so3,LSNNMFCWUKXFEE-UHFFFAOYSA-L
3ooctdACP,NA
mqn6,PFRQBZFETXBLTP-RCIYGOBDSA-N
raffin,MUPFEKGTMRGPLJ-ZQSKZDJDSA-N
2mp2coa,NPALUEYCDZWBOV-NDZSKPAWSA-J
L2aadp,OYIFNHCXNCRBQI-BYPYZUCNSA-M
3hoctaACP,NA
nad,BAWFJGJZGIEFAR-NNYOXOHSSA-M
h2mb4p,MDSIZRKJVDMQOQ-GORDUTHDSA-K
4per,ZCZXOHUILRHRQJ-PWNYCUMCSA-K
pa161,NA
phom,FXDNYOANAXWZHG-VKHMYHEASA-L
5odhf2a,ZPEHSARSWGDCEX-UHFFFAOYSA-M
no2,IOVCWXUNBOPUCH-UHFFFAOYSA-M
12dgr_BS,NA
tdcoa,DUAFKXOFBZQTQE-QSGBVPJFSA-J
man,WQZGKKKJIJFFOK-QTVWNMPRSA-N
alpro,NA
drib,PDWIQYODPROSQH-PYHARJCCSA-N
leu__L,ROHFNLRQFUQHCH-YFKPBYRVSA-N
acACP,NA
5cohe,NA
poaac,WQKGFGLGYOHJOG-UPHRSURJSA-N
tddec2eACP,NA
malthp,ZHZITDGOAFCURV-VVTKTIMZSA-N
ugmd,QUHLBZKCGUXHGP-AJVQVANPSA-J
itp,HAEJPQIATWHALX-KQYNXXCUSA-J
5g2oxpt,ARBHXJXXVVHMET-UHFFFAOYSA-N
udpglcur,HDYANYHVCAPMJV-LXQIFKJMSA-K
mptamp,XJXFAXLUOKQPAQ-YPRLVJTJSA-K
xyl__D,SRBFZHDQGSBBOR-IOVATXLUSA-N
dcdp,FTDHDKPUHBLBTL-SHYZEUOFSA-K
uacmam,LFTYTUAZOPRMMI-ZYQOOJPVSA-L
3ig3p,NQEQTYPJSIEPHW-MNOVXSKESA-L
dutp,AHCYMLUZIRLXAA-SHYZEUOFSA-J
stcoa,SIARJEKBADXQJG-LFZQUHGESA-J
anhgm4p,ZTOWCORYLXDAAW-JOUWMGDHSA-L
25drapp,OCLCLRXKNJCOJD-UMMCILCDSA-L
dudp,QHWZTVCCBMIIKE-SHYZEUOFSA-K
tdeACP,NA
pnto__R,GHOKWGTUZJEAQD-ZETCQYMHSA-M
ocACP,NA
gtp,XKMLYUALXHKNFT-UUOKFMHZSA-J
pe120,NA
acg5p,FCVIHFVSXHOPSW-YFKPBYRVSA-K
2pglyc,ASCFNMCAHFUBCO-UHFFFAOYSA-K
msa,OAKURXIZZOAYBC-UHFFFAOYSA-M
succoa,VNOYUJKHFWYWIR-ITIYDSSPSA-I
2agpg180,ZYKIFISVQNGKFE-UHFFFAOYSA-M
acac,WDJHALXBUFZDSR-UHFFFAOYSA-M
2dhp,PKVVTUWHANFMQC-UHFFFAOYSA-M
motre,NA
fgam,VDXLUNDMVKSKHO-ZRTZXPPTSA-L
Ncbmpts,YANFYYGANIYHGI-UHFFFAOYSA-O
3pg,OSJPPGNTCRNQQC-UWTATZPHSA-K
fa6coa,NA
6hmhpt,CQQNNQTXUGLUEV-UHFFFAOYSA-N
thex2eACP,NA
acglu,RFMMMVDNIPUKGG-YFKPBYRVSA-L
2amsa,XMTCKNXTTXDPJX-REOHCLBHSA-N
3hcddec5eACP,NA
4ahmmp,VUTBELPREDJDDH-UHFFFAOYSA-N
pe181,NA
2agpg120,NA
2maacoa,NHNODHRSCRALBF-NQNBQJKNSA-J
trdrd,NA
accoa,ZSLZBFCDCINBPY-ZSJPKINUSA-J
mpt,HPEUEJRPDGMIMY-IFQPEPLCSA-K
2h3opp,QWBAFPFNGRFSFB-UHFFFAOYSA-M
glutcoa,SYKWLIJQEHRDNH-CKRMAKSASA-I
ni2,VEQPNABPJHWNSG-UHFFFAOYSA-N
3oddecACP,NA
igam,NA
3odcoa,AZCVXMAPLHSIKY-HSJNEKGZSA-J
pep,DTBNBXWJWCWCIK-UHFFFAOYSA-K
3ooctACP,NA
hdcea,NA
acysbmn,NA
datp,SUYVUBYJARFZHO-RRKCRQDMSA-J
4c2me,YFAUKWZNPVBCFF-XHIBXCGHSA-L
qh2,NA
23dhbzs,VDTYHTVHFIIEIL-LURJTMIESA-M
4mop,BKAJNAXTPSGJCU-UHFFFAOYSA-M
ccmuac,TXXHDPDFNKHHGW-CCAGOZQPSA-L
suchms,GNISQJGXJIDKDJ-YFKPBYRVSA-M
2aobut,SAUCHDKDCUROAO-VKHMYHEASA-N
tdecoa,NA
lipo1_24_BS,NA
rbflvrd,SGSVWAYHEWEQET-SCRDCRAPSA-N
tagdp__D,RNBGYGVWRKECFJ-OEXCPVAWSA-J
3mob,QHKABHOOEWYVLI-UHFFFAOYSA-M
2agpe180,KIHAGWUUUHJRMS-JOCHJYFZSA-N
sl26da,GLXUWZBUPATPBR-BQBZGAKWSA-L
ump,DJJCXFVJDGTHFX-XVFCMESISA-L
2ahbut,VUQLHQFKACOHNZ-LURJTMIESA-M
urdglyc,NWZYYCVIOKVTII-SFOWXEAESA-M
ocdcaACP,NA
bmocogdp,NA
dhpppn,QZDSXQJWBGMRLU-UHFFFAOYSA-M
gpca,NA
damp,KHWCHTKSEGGWEX-RRKCRQDMSA-L
hxal,JARKCYVAAOWBJS-UHFFFAOYSA-N
dcyt,CKTSBUTUHBMZGZ-SHYZEUOFSA-N
2agpe161,NA
LalaLglu,VYZAGTDAHUIRQA-WHFBIAKZSA-M
23dhba,ULPVJDOMCRTJSN-RVXWVPLUSA-M
12ppd__R,DNIAPMSPPWPWGF-GSVOUGTGSA-N
thdp,CXMBCXQHOXUCEO-BYPYZUCNSA-L
acmum6p,NMEMTQKUEVNSPV-MKFCKLDKSA-K
2cpr5p,QKMBYNRMPRKVTO-MNOVXSKESA-K
op4en,NOXRYJAWRSNUJD-UHFFFAOYSA-M
dtdp4d6dg,PSXWNITXWWECNY-UCBTUHGZSA-L
23dhmb,JTEYKUFKXGDTEU-VKHMYHEASA-M
oxadpcoa,VKKKAAPGXHWXOO-BIEWRJSYSA-I
cdigmp,NA
fa11,NA
pg120,NA
3ohcoa,NFOYYXQAVVYWKV-HDRQGHTBSA-J
ala_B,UCMIRNVEIXFBKS-UHFFFAOYSA-N
thf,MSTNYGQPCMXVAQ-RYUDHWBXSA-L
g3pg,LLCSXHMJULHSJN-UHFFFAOYSA-M
dcacoa,NA
sl2a6o,SDVXSCSNVVZWDD-LURJTMIESA-K
4r5au,XKQZIXVJVUPORE-RPDRRWSUSA-N
iscu_2fe2s,NA
acnam,SQVRNKJHWKZAKO-LUWBGTNYSA-M
frdp,VWFJDQUYCIWHTN-YFVJMOTDSA-K
lac__D,JVTAAEKCZFNVCJ-UWTATZPHSA-M
tag6p__D,BGWGXPAPYGQALX-OEXCPVAWSA-L
4gudbutn,TUHVEAJXIMEOSA-UHFFFAOYSA-N
3hibutcoa,WWEOGFZEFHPUAM-UQCJFRAESA-J
d12dg_BS,NA
4hbzcoa,LTVXPVBFJBTNIJ-TYHXJLICSA-J
